,Tweet Text
0,@f_fathur @BarBaro5_ @wuwu1422 Gua dah punya 4 biarkan udin sajalah di 1 aja belum
1,@acarnanashh @madmedmad_ ğŸ˜®ğŸ˜®
2,KONTOL !!! https://t.co/2JMHIW05Sj
3,@NoeyIgir @Iyaaaa_iniaku Keklaten
4,@YaniYan94204802 Ada kak
5,@TheEagle_BEN @AlyaFziyah https://t.co/wn6KxfyLay
6,@TheEagle_BEN @AlyaFziyah Ngerebus ko ben
7,@TheEagle_BEN @AlyaFziyah Atau ibu @milenialexpired
8,@TheEagle_BEN @CCICPolri @DivHumas_Polri @DJPPIKominfo https://t.co/l18DdH8ba6
9,@TheEagle_BEN @AlyaFziyah ?
10,@TheEagle_BEN @CCICPolri @DivHumas_Polri @DJPPIKominfo Meresahkan sekali pak tangkap saja orang ini @TheEagle_BEN
11,@TheEagle_BEN Jumpa siapa
12,@TheEagle_BEN @CCICPolri @DivHumas_Polri @DJPPIKominfo Tolong pak polisi orang ini @TheEagle_BEN sudah miskin suka maen judi lagi ğŸ™„
13,@TheEagle_BEN berhentilah ko main judi bodoh!
14,"Jika PEMERINTAH ingin memberantas PERJUDIAN berantas dulu yang ada disosial media seperti ini contoh nya terang terangan mempromosikan JUDI SLOT ğŸ¤¦â€â™€ï¸ğŸ‘‡

@CCICPolri @DivHumas_Polri @DJPPIKominfo https://t.co/7eroKH4HaP"
15,@TheEagle_BEN @geloraco @AgusYudhoyono @PDemokrat Ko sudah makan ben ?
16,@TheEagle_BEN @geloraco @AgusYudhoyono @PDemokrat https://t.co/EqOjMKh4vu
17,@TheEagle_BEN @geloraco @AgusYudhoyono @PDemokrat Itu siapa ben ???
18,@TheEagle_BEN @VIVAcoid Itu apa ben
19,@Catatan_ali7 @MakeItAQuote
20,@akunkeenam212 @HelmiFelis_ @chetelya2 @mr_banan12 @PanciB0zz @B_n1ng17 @YandraD31 @yaniarsim @DrEvaChaniago @Stevaniehuangg @6undul0h @Tan_Mar3M @z4r4n @IMCMushroom @Yunardi99 @RizkiAsihan @UtomoAdi23 @papa_loren @Gojekmilitan https://t.co/Cr6pKXuy92
21,@akunkeenam212 @HelmiFelis_ @chetelya2 @mr_banan12 @PanciB0zz @B_n1ng17 @YandraD31 @yaniarsim @DrEvaChaniago @Stevaniehuangg @6undul0h @Tan_Mar3M @z4r4n @IMCMushroom @Yunardi99 @RizkiAsihan @UtomoAdi23 @papa_loren @Gojekmilitan Legend beliau senior sayağŸ¤­
22,@HelmiFelis_ @akunkeenam212 @chetelya2 @mr_banan12 @PanciB0zz @B_n1ng17 @YandraD31 @yaniarsim @DrEvaChaniago @Stevaniehuangg @6undul0h @Tan_Mar3M @z4r4n @IMCMushroom @Yunardi99 @RizkiAsihan @UtomoAdi23 @papa_loren @Gojekmilitan Whahaha ampun om legend ğŸ¤¦â€â™€ï¸ğŸ™
23,@PanciB0zz @akunkeenam212 @chetelya2 @mr_banan12 @B_n1ng17 @YandraD31 @yaniarsim @DrEvaChaniago @Stevaniehuangg @6undul0h @Tan_Mar3M @HelmiFelis_ @z4r4n @IMCMushroom @Yunardi99 @RizkiAsihan @UtomoAdi23 @papa_loren @Gojekmilitan https://t.co/Ok39h99Xvf
24,@ad3ira29 Akun kedua ğŸ˜‚
25,@axdwin Hahahahaha modar coach
26,"@axdwin Hak paten itu yg fatal karna sudah dipatenkan 
Kalau hak cipta belum dipatenkan masih bisa diperdebatkan"
27,@axdwin Jangan sampai melanggar hak cipta
28,@Catatan_ali7 @MakeItAQuote
29,@TheEagle_BEN Bahahahahahaha
30,@TheEagle_BEN https://t.co/v4AM52wrFu
31,@TheEagle_BEN Bah kalau aku jadi papa mamanya bukan aku tolak tapi aku bunuh ko benğŸ˜‚ğŸ¤£
32,@TheEagle_BEN @tempodotco Tanya pun salah
33,@TheEagle_BEN Ko bicaralah baik baik bodoh
34,@TheEagle_BEN @tempodotco Matamu
35,@TheEagle_BEN Bahhh pemaksaan itu bodoh
36,@TheEagle_BEN Bombardir ben
37,@TheEagle_BEN @tempodotco Kronologinya gimana ben
38,@TheEagle_BEN Hajar lah ben jangan pakai lama
39,@TheEagle_BEN @tempodotco Gak suka aku bodoh
40,Mulai nakal ko bodatğŸ¤£ğŸ˜‚ https://t.co/1iOWaPV1bF
41,@TheEagle_BEN @tempodotco Gimana kronologinya ben
42,@TheEagle_BEN Pala ko
43,@TheEagle_BEN Kronologinya ben
44,@BarBaro5_ @Mr_cosanostra ğŸ˜‚ğŸ¤£ğŸ˜‚ğŸ¤£ğŸ˜‚
45,@Mr_cosanostra @BarBaro5_ udin walaupun paok tapi merendah keren kaliğŸ˜‚ğŸ¤£
46,@Stevaniehuangg Done delete
47,@Stevaniehuangg Oke hapus ğŸ˜‚
48,@Stevaniehuangg Pokoknya sibuluk ğŸ˜‚
49,ğŸ¤—
50,@A1ki4_ku5_21 @Catatan_ali7 https://t.co/lgRCGF4lYA
51,@f_fathur @Helmi_Felis @Algadri_tulen Duh semua kawan tetep #Nyimak tapi bener juga sih yg om @f_fathur bilangğŸ˜‚ğŸ¤£ğŸ˜‚ğŸ¤£ğŸ˜‚
52,"@BarBaro5_ Ngerih aku dimakinya lagi nanti padahal bukan pks itu ,itu golkar din"
53,@BarBaro5_ Hahahahahahahahaha
54,@Helmi_Felis @f_fathur @Algadri_tulen Semangat LegendğŸ‘
55,@Helmi_Felis @f_fathur @Algadri_tulen Nyimak
56,@akunkelima212 @BradHarizz Duo anjing kurap
57,@akunkelima212 @z4r4n @bhar13f Kemarin burung gua sekarang biji ğŸ˜¤ğŸ˜¤
58,@akunkelima212 @z4r4n @bhar13f Udah gua setrika
59,"@akunkelima212 @z4r4n @bhar13f Gua ga vaksinğŸ˜‚ğŸ¤£ğŸ˜‚ğŸ¤£ğŸ˜‚
Aman"
60,"@abiriki83 @Muhammad_Saewad @nosferatu733 @jvdas_iskariot @Catatan_ali7 Waalaikumsalam
Innalillahiwainna ilaihi roojiuun ikut berduka cita pak ğŸ™ğŸ™"
61,Dulu pernah dapat GA PARFUM udah 2 Tahun gak dikirim kirim ğŸ˜‚ https://t.co/kwTuVJgrA7
62,@Ochi_Queen09_2 @Nurulkjo1 @ZSDaengMarowa @sambat_resign @A1ki4_ku5_21 @Aydrooze1 @Mantan_411 @ketupatminang @Boruhutapea_18 Mohon maaf lahir bathin ya untuk semua maaf maaf kalau ada salah selama ini dalam Ali bercanda dan sebagainya ğŸ™
63,@ketupatminang @bhar13f @Nurulkjo1 @Ochi_Queen09_2 @ZSDaengMarowa @sambat_resign @A1ki4_ku5_21 @Aydrooze1 @Mantan_411 @Boruhutapea_18 Mohon maaf lahir bathin ya untuk semua maaf maaf kalau ada salah selama ini dalam Ali bercanda dan sebagainya ğŸ™
64,@KentArockerss @BarBaro5_ @hasibHphasibuan Orang sakit abaikan aja bang ğŸ™
65,@bhar13f @Nurulkjo1 @Ochi_Queen09_2 @ZSDaengMarowa @sambat_resign @A1ki4_ku5_21 @Aydrooze1 @Mantan_411 @ketupatminang @Boruhutapea_18 https://t.co/0KcyDD9R9T
66,Kan itu nama ko setan ğŸ™„ https://t.co/gI4q8JOfgc
67,@Nurulkjo1 @Ochi_Queen09_2 @ZSDaengMarowa @sambat_resign @A1ki4_ku5_21 @Aydrooze1 @Mantan_411 @ketupatminang @Boruhutapea_18 Waalaikumusalam Semoga kita semua selalu dalam keadaan sehat walafiat ğŸ™
68,@bhar13f @Ochi_Queen09_2 @ZSDaengMarowa @sambat_resign @A1ki4_ku5_21 @Nurulkjo1 @Aydrooze1 @Mantan_411 @ketupatminang @Boruhutapea_18 Belum ğŸ¤¦â€â™€ï¸
69,@veaadeeana @Catatan_ali7 Pemain lama ğŸ˜‚
70,"Abu janda Denny Siregar Itu ASET REZIM mustahil ditangkap apalagi sampai dipenjara 

Puluhan Laporan untuk mereka Mental semua mustahil kalau tidak ada backup bisa lolos terus dari Jeratan Hukum...

#PolriTakutAbuJanda"
71,GA ? Gus Ali ğŸ˜‚ https://t.co/cOvdzFrgb0
72,@TheEagle_BEN @DivHumas_Polri https://t.co/YHzmzbUBwU
73,@TheEagle_BEN @DivHumas_Polri Aku tanya ko udah berapa ekor ko cabuli
74,@TheEagle_BEN @DivHumas_Polri Kau sudah cabuli berapa ekor ayam ben
75,@TheEagle_BEN @DivHumas_Polri Ceritakanlah saja
76,@TheEagle_BEN @DivHumas_Polri Gimana kronologinya ben
77,@soekaca55 @suneo138 https://t.co/RkxZrz9HRu
78,@soekaca55 @suneo138 Dadi garong aeğŸ¤£ğŸ˜‚
79,@soekaca55 @suneo138 Ra patut barang due bodyguard
80,#PolriTakutAbuJanda https://t.co/wfS249bdHn
81,@soekaca55 @suneo138 Ora patut ğŸ˜‚ğŸ¤£
82,@soekaca55 @suneo138 Ingah ingih meh dadi bodyguard
83,@soekaca55 @suneo138 Bayi tuwo
84,Kalau ini gimana QUT apakah perlu juga dicabut izin nya ? https://t.co/SFjjL1zOOa https://t.co/DWsQpZzzk7
85,"Masih caper ?

Abaikan Li jangan terpancing Mereka bukan kelas lo ğŸ˜‚ 

kelas mereka Admin LAMBE TURAH ğŸ˜‚"
86,@PrieLeo_ Eh ketum
87,@PrieLeo_ Gua tambahin namparnya sini
88,@PrieLeo_ BONG Nest
89,@NiarWinner Innalilahi wa innailaihi rojiun
90,@PrieLeo_ Bong
91,@BarBaro5_ @akunkelima212 @Mr_cosanostra ğŸ˜‚ğŸ¤£ğŸ˜‚ğŸ¤£ğŸ˜‚
92,@BarBaro5_ @Putrakawom @DrEvaChaniago @CutSarina5 Gua tau ini arahnyağŸ™„
93,@Putrakawom @BarBaro5_ @DrEvaChaniago @CutSarina5 Masha allah Terimakasih bang semoga umroh nya lancar ya
94,@BarBaro5_ @Putrakawom @DrEvaChaniago @CutSarina5 Amit amit belum ada lah aku kolestrol tinggiğŸ˜‚
95,@BarBaro5_ @Putrakawom @DrEvaChaniago @CutSarina5 Berarti lobster oper keklaten din ğŸ˜‚ğŸ˜‚
96,@akunkelima212 @BarBaro5_ @Mr_cosanostra Tersangka
97,@akunkelima212 @BarBaro5_ @Mr_cosanostra Panitia
98,@akunkelima212 @BarBaro5_ @Mr_cosanostra ğŸ˜‚ğŸ¤£ğŸ¤£
99,@Mr_cosanostra @BarBaro5_ Udin peak
100,@BarBaro5_ @akunkelima212 @Mr_cosanostra Kadang ke sarkem jogja?
101,"Cocok kali kutengok Belakangnya sama sama IN ( @BarBaro5_ )

Nadin                         saefUDIN https://t.co/d8FBhjsrdF"
102,Nadin - Udin cocok kalipun kutengokğŸ˜‚ https://t.co/eWuJaXYu84
103,@BarBaro5_ Nadin makarim ?
104,@Boruhutapea_18 @kangdede78 Itu orang masih suka jajan waria sembarangan ga ya ğŸ¤£
105,@f_fathur Bisa aja ngelesnya kek kang bajajğŸ˜‚
106,@f_fathur Bau bau modus
107,@MAHENDRA_GNW https://t.co/8Qy9qdADJi
108,@soekaca55 @MariaAlcaff @Algadri_tulen @hoessein_hasbi @KumajasRobby @patualanggaAsse @222Robinhood @f_fathur @Helmi_Felis Tamuh
109,@soekaca55 @MariaAlcaff @Algadri_tulen @hoessein_hasbi @KumajasRobby @patualanggaAsse @222Robinhood @f_fathur @Helmi_Felis Durung ono lawane suk nek wes rabi
110,@MariaAlcaff @Algadri_tulen @hoessein_hasbi @KumajasRobby @patualanggaAsse @222Robinhood @f_fathur @Helmi_Felis Gua mau beli tapi mau buat apa ğŸ¤¦â€â™€ï¸ğŸ˜Œ
111,https://t.co/tl2JzJaHw6 https://t.co/Htvxmtr1MY
112,@OMJ_BungHa Kalau yg ini gua gak tau persis bang jadi ga berani begitu dalam kalau abang tau lanjutlah ğŸ˜‚
113,@OMJ_BungHa Gua dah pernah buka dulu bang 2020 gua yg dimaki maki malah
114,@selebcuit Sudah dulu
115,"Beristri ber anak masih modus sana sini jd ingat KASUS yg pernah gua tanganin KASUS nya hampir sama cuma beda Cara mengeksekusi korban aja tapi poin sama yaitu INCAR HARTA KORBAN

ISTRI Sah dirumah masakin suami ANAK dirumah nungguin AYAH nya Eh AYAH nya lagi sama SelingkuhanğŸ¤¦â€â™€ï¸"
116,@akunkelima212 @Boruhutapea_18 @Vputri008 @friscadilla_17 @Adiak_Udaa @KING__VADUKA Transferan dah masuk buat beli kursi roda kandaa ?? ğŸ™„
117,@BarBaro5_ https://t.co/QiudcMVrdC
118,@akunkelima212 @Boruhutapea_18 @Vputri008 @friscadilla_17 @Adiak_Udaa @KING__VADUKA Dindaaaaaaa
119,@BarBaro5_ Kaannnndddaaaa
120,@Vputri008 @Boruhutapea_18 @friscadilla_17 @Adiak_Udaa @KING__VADUKA Woi muncung dijaga udah kek ga pernah makan kursi sekolah kutengok komen ko dari kemarin kemarin
121,@idextratime @soekaca55  ?
122,@Dh4n1eL33 Keren ini pemain
123,@PSSI RAZZA itu titipan nya siapa ğŸ™„
124,@idextratime Lapis ke 2 nya memprihatinkan ğŸ¤¦â€â™€ï¸ Razza dipertandingan awal juga udah keliatan bapuk nya
125,@TheEagle_BEN @geloraco https://t.co/BZnEWknCyk
126,@TheEagle_BEN @geloraco Kepala ko kulubangi nanti
127,@TheEagle_BEN @geloraco Aku yang tusuk nanti
128,@TheEagle_BEN @geloraco Ko vaksinlah bodoh nanti mati ko
129,@TheEagle_BEN Hati hati muncungko itu
130,@TheEagle_BEN @JaenoXTM Kanya sini majulah ko ben
131,@TheEagle_BEN Majulah sini ko aku mundur
132,@JaenoXTM @TheEagle_BEN Betul orangnya ya itu itu lagj
133,@TheEagle_BEN Tapi aku tengok itu ko ben ngakulah
134,@TheEagle_BEN Suruh majulah kawan ko itu
135,@TheEagle_BEN Terus ko yg mana bodoh
136,"@DrEvaChaniago @Boruhutapea_18 @emzearfn @emzearfn kalau baperan jangan maen twitter pak maen becekan aja sama bebek ğŸ˜‚

Bikin cuitan dikomentari maen blok ğŸ˜‚"
137,Ini ko @TheEagle_BEN ? Jan lah ko rusuh dijogja kutempeleng juga ko nanti https://t.co/ShiQ822jRk
138,@TheEagle_BEN Ayolah kita betumbukğŸ˜¤
139,@TheEagle_BEN Itu ko ?
140,@soekaca55 @nyonyahsyuper Wah iki @nyonyahsyuper kabeh seng ono kirim nyah
141,@soekaca55 @nyonyahsyuper Klaten jolali
142,@nuugroagung KEKANG DAN JAGAT LELEMBUT
143,@nuugroagung Mauu adopsi beberapa banyak pun dengan senang hati untuk menambah literasi
144,@akunkelima212 @z4r4n https://t.co/9bcNsg1IT9
145,@akunkelima212 @z4r4n
146,@akunkelima212 Dindaaa
147,@SiPeNutur @JaenoXTM @Zleits_me Alhamdulillah Samawa ya
148,@bhar13f @papuamuslim95 Body striping
149,@PorosHalangID @Cristiano Buang ajalah biar bisa cepat regenerasi MU
150,@idextratime Persib
151,@MAHENDRA_GNW Gws brother
152,@TheEagle_BEN Diam ko bodoh
153,Bah Ngeri kali Gak kuat aku bayangin nya ğŸ˜‚ğŸ¤¦â€â™€ï¸ https://t.co/ay3Sv911s6
154,@Boruhutapea_18 @pd_eni @sk_nickname @pd_eni pantasnya NGANDANG bukan NGAJAR ... dah PNS belum ko ? Kalau udah ko tau gak paok kalau PNS dilarang berpolitik praktis kalau belum Sukur lah karna tidak pantas Nir adab seperti ko naik kelas
155,And before until God tells me to quit I willÂ keep going ğŸ‘Š
156,@Boruhutapea_18 @pd_eni @pd_eni harus nya dipecat aja GURU nya aja seperti itu nir adab gimana nanti dengan nasib murid nya
157,@Boruhutapea_18 @pd_eni @pd_eni Bikin malu tenaga pendidik aja ko Tenaga pendidik tapi tidak mendidik
158,@Lisaamartatara4 @DokterTifa @PBIDI @DrEvaChaniago Sikat mak
159,Assalamualaikum JULI semoga jauh Lebih Baik dari JUNI dalam semua Hal Aamiin ğŸ™
160,@Ratu_Tagar https://t.co/l975D62YhO
161,"Habis "" NGAJI BARENG "" tapi beda lokasi ğŸ˜‚ Semoga Tahun depan Sudah bisa Bersama Aamiin ğŸ¤—"
162,Nitip sendal https://t.co/hWJmODCtH6 https://t.co/oQJCb1m8x9
163,"@akunkelima212 @Catatan_ali7 Kita naikin apa #TolakTimnasIsraelKeIndonesia

Cc @PanciB0zz"
164,@febbyhhhh Jika sudah konsisten ya harus konsisten apapun itu resikonya
165,@febbyhhhh Justru sudah dari bung karno berarti kan sudah biasa tidak ada yang salah
166,"@febbyhhhh Loh gak ada urusan nya ISRAEL ITU SAMPAH dunia mengakui kebiadaban mereka 

FIFA DUKUNG LGBT
FIFA DUKUNG UKRAINA

Mereka berpolitik loh jadi tidak ada salahnya jika INDONESIA TOLAK ZIONIS  DATANG"
167,"BIKIN MALU LO @persikfckediri GA BISA BEDAIN FUN FOOTBALL SAMA LAGA RESMI...

KEK PALING BAGUS AJA MAIN NYA!!!!! https://t.co/4d6RpQ4kjh"
168,@Mantan_411 @43xNih https://t.co/rNTBKqmmal
169,@A1ki4_ku5_21 @43xNih Rohalus gak jauh jauh dari kriminalğŸ˜‚
170,@43xNih Cuitan ROHANI Kelakuan ROHALUS
171,@Gank_Of_Petojo Lah kan tanya
172,@Gank_Of_Petojo Enak ?
173,@Gank_Of_Petojo Terus ?
174,@Gank_Of_Petojo Minat nambah ?
175,"CUITAN ROHANI
KELAKUAN ROHALUS https://t.co/MVHcSm9Xwx"
176,@akunkelima212 ğŸ˜‚ğŸ˜‚
177,@bhar13f @kankmazaydrooze @Ochi_Queen09_2 @_together___ @akunkelima212 https://t.co/zPiKXx3OkR
178,"Titip sendal YGY

Mau gawe dulu ğŸ™„ğŸ‘ https://t.co/3uN69b4IMV"
179,@akunkelima212 Salam santun
180,@akunkelima212 https://t.co/9UrKya1uN0
181,ESEMKA GTR https://t.co/B1WoBcxKsB
182,@Lisaamartatara4 https://t.co/HcDKMsYFSx
183,"Lucu nya Negeri ku.....

Belum lagi yang berada dipedalaman pasti alami yang namanya susah signal terus kalau gak dapat signal mereka tidak isi bensin ?

Atau harus TETRING HP Operator Pom Bensin nya untuk dapat signal ?

RUWET!!! TEROBOSAN MANUSIA MANUSIA PUTUS ASA!! https://t.co/emG3nKoOWw"
184,@SiPeNutur @Gank_Of_Petojo @Catatan_ali7 https://t.co/7uzid6zhVW
185,@Gank_Of_Petojo @Catatan_ali7 @SiPeNutur ğŸ™„ğŸ™„ siapa yg nyariim
186,@akunkeenam212 @Boruhutapea_18 @z4r4n @bhar13f https://t.co/seOIxV8X1i
187,@Boruhutapea_18 @sambat_resign @Ochi_Queen09_2 @ZSDaengMarowa @A1ki4_ku5_21 @Nurulkjo1 @Aydrooze1 @Mantan_411 @ketupatminang @bhar13f Katanya minta translateğŸ™„ğŸ™„
188,@Boruhutapea_18 @sambat_resign @Ochi_Queen09_2 @ZSDaengMarowa @A1ki4_ku5_21 @Nurulkjo1 @Aydrooze1 @Mantan_411 @ketupatminang @bhar13f Dia incer cewe tp cewe itu ada pasangan nah dia nunggu tuh cewe putusğŸ˜‚
189,@Boruhutapea_18 @sambat_resign @Ochi_Queen09_2 @ZSDaengMarowa @A1ki4_ku5_21 @Nurulkjo1 @Aydrooze1 @Mantan_411 @ketupatminang @bhar13f Tak cari putus putusan ajA
190,@bhar13f @Boruhutapea_18 @Ochi_Queen09_2 @ZSDaengMarowa @A1ki4_ku5_21 @Nurulkjo1 @Aydrooze1 @Mantan_411 @ketupatminang @sambat_resign @oom_reborn @akunkelima212 @rchie_d1 @z4r4n @Ratu_Tagar @Mukidioon2 @Sarusy2 @HidayatNatari @1182S4fitri @siregar_najeges @PanciB0zz @surasujaya @DeeRose782 @note2selfy @Ucing_Senyum @ISTANA_CLina10 @Jul3aRhma3 @EndangNingtiyas Gak kapok ini saipul
191,@akunkelima212 https://t.co/EfB1tn2DNa
192,@akunkelima212 https://t.co/jfrZGFIr0m
193,@soekaca55 @Boruhutapea_18 https://t.co/3GdaOR13O7
194,@soekaca55 @Boruhutapea_18 Tamu ğŸ˜¤ğŸ™„
195,@bhar13f @Boruhutapea_18 @z4r4n @akunkeenam212 https://t.co/UbUcLH8JNT
196,@Boruhutapea_18 @z4r4n @akunkeenam212 @bhar13f ğŸ™„ğŸ‘ https://t.co/OV44Vh12ZN
197,@z4r4n @Boruhutapea_18 @kankmazaydrooze @Ochi_Queen09_2 @ZSDaengMarowa @A1ki4_ku5_21 @Nurulkjo1 @Aydrooze1 @Mantan_411 @ketupatminang @bhar13f @sambat_resign @akunkeenam212 Kanda juga sakit gak ada yg mau transfer apa buat beli obat korengğŸ™„ğŸ§ https://t.co/rbxSsWUZuA
198,@bhar13f @Boruhutapea_18 @Ochi_Queen09_2 @ZSDaengMarowa @A1ki4_ku5_21 @Nurulkjo1 @Aydrooze1 @Mantan_411 @ketupatminang @sambat_resign https://t.co/5MnLyRaF22
199,@bhar13f @Boruhutapea_18 @Ochi_Queen09_2 @ZSDaengMarowa @A1ki4_ku5_21 @Nurulkjo1 @Aydrooze1 @Mantan_411 @ketupatminang @sambat_resign Kandaaaaaaa https://t.co/3smEDD9wDo
200,@NoeyIgir ğŸ˜‚ğŸ¤¦â€â™€ï¸
201,@bhar13f Rekening listrik adanya
202,"@Ochi_Queen09_2 Rame apa kakak ?

Pura pura gak tau ahğŸ¤£ğŸ˜‚"
203,@bhar13f ğŸ˜« https://t.co/gcVlf7qUSS
204,@andi_achilles @TheEagle_BEN https://t.co/qCJpEtIIaY
205,Nitip sendal ğŸ™„ğŸ‘ https://t.co/edJ930WH79
206,@Boruhutapea_18 Biasanya nawarin kanda mau dimasakin apa ğŸ™„ğŸ‘ https://t.co/dX5rt9WcjE
207,@Ochi_Queen09_2 Nelson dida kak ğŸ˜‚ğŸ¤£ğŸ˜‚ğŸ¤£ğŸ˜‚
208,@Boruhutapea_18 Dindaaaa masak apa kanda laper.... https://t.co/Emc2ZtFBug
209,"@BarBaro5_ Ada waktu nya din , Tenang lah sikit ko ğŸ˜‚

Apa yang ditanam pasti dia tuai berani senggol orang ya harus siap jika suaty saat disenggol balik"
210,@febbyhhhh @IndonesiaBds FIFA aja bermain politik loh saat RUSIA VS UKRAINA perang
211,"@A1ki4_ku5_21 Oh ğŸ¤¦â€â™€ï¸

Maghrib dulu ah Ali titip sendal ya kak ğŸ™„ğŸ‘"
212,@A1ki4_ku5_21 Apa iya ğŸ™„
213,@A1ki4_ku5_21 Napa kak ğŸ™„
214,@soekaca55 ğŸ¤£ğŸ˜‚ğŸ¤£
215,@soekaca55 ğŸ¤¦â€â™€ï¸ğŸ¤¦â€â™€ï¸
216,"@Boruhutapea_18 @KING__VADUKA Tanam Padi pasti tumbuh padi
Tidak mungkin Tanam Padi tumbuh Wortel

Begitu juga dalam kehidupan Tanam kebaikan pasti akan dibalas dengan kebaikan 

Tanam kesombongan keangkuhan pasti akan jatuh"
217,@Mr_cosanostra https://t.co/PCSdqfJFUQ
218,@Mr_cosanostra Oh iya ketinggalan ğŸ˜‚ğŸ¤£
219,@Boruhutapea_18 Atu atit gak niat transfer buat beli obat ğŸ™„ https://t.co/V3nOSUnVxz
220,@Mr_cosanostra Nitip sendal ah ğŸ¤«
221,@Mr_cosanostra Pemaen ac milan om ğŸ˜‚
222,"DIIIIIIIIDDDDAAAAAA 

ğŸ™„ğŸ‘ https://t.co/f1gkeu4lFl"
223,@Boruhutapea_18 Kurma itu nyata ğŸ™„ğŸ‘
224,@soekaca55 Kui nek ditukoke bahan seprai entuk piro yo
225,@Just_dhee1203 https://t.co/ZgfmODQRIF
226,@Just_dhee1203 Stop produksi dulu kak tunggu modal ğŸ˜‚ fokus konveksi dulu
227,"Itu duit semua ?? ğŸ˜¯

#TitipSendal https://t.co/1o7YLZm4vI"
228,@NediSetiadi @Catatan_ali7 Mario bros ğŸ˜‚
229,Gelar Tiker ğŸ™„ğŸ‘ https://t.co/7nQK4YVAp0
230,@MAHENDRA_GNW @GOAL_ID ğŸ™„ğŸ™„
231,@GOAL_ID Rotman paris
232,@TheEagle_BEN @Catatan_ali7 Serius sudah bubar ben
233,@TheEagle_BEN @Catatan_ali7 Ketawa pun salah
234,@TheEagle_BEN @tempodotco Heleh ayolaj
235,@TheEagle_BEN @tempodotco Betumbuk lah kita
236,@z4r4n GPK
237,@TheEagle_BEN @tempodotco Siapa itu ben
238,@bhar13f Setubuh ğŸ‘Š
239,@MAHENDRA_GNW Geus kisut baso nya mah
240,@TheEagle_BEN @Catatan_ali7 Aku lagi malas jawab bodoh
241,@PrieLeo_ HALU
242,Tanda tanda Indonesia akan segera merdeka kah ? https://t.co/5Ak2gASL0X
243,@akunkelima212 https://t.co/fSVS6zJFDE
244,@akunkelima212 @Catatan_ali7 ğŸ§ğŸ§
245,@idextratime RONALDINHO ukur lapangan kan goblok ini kan partai hiburanğŸ˜‚
246,@bhar13f https://t.co/csksUcO8Q0
247,@bhar13f https://t.co/26ERopmOAt
248,@bhar13f https://t.co/zJBfJaB8iG
249,"Yang nama nya MUHAMMAD atau MUHAMAD itu belum berarti nabi tapi Nama Muhammad Atau Muhamad itu terinspirasi dari Nama BAGINDA NABI BESAR MUHAMMAD 

Jadi Rasanya Tidak pantas tidak Elok Nama MUHAMMAD dijadikan objek satir objek olok olokan dll

INGIN BERBEDA BOLEH BODOH JANGAN!!!! https://t.co/bzMytlicyY"
250,"Yang nama nya MUHAMMAD MUHAMAD itu belum berarti nabi tapi Nama Muhammad Atau Muhammad itu terinspirasi dari Nama BAGINDA NABI BESAR MUHAMMAD 

Jadi Rasanya Tidak pantas tidak Elok Nama MUHAMMAD dijadikan objek satir objel olok olokan dll

INGIN BERBEDA BOLEH BODOH JANGAN"
251,KADRUN https://t.co/INUw0qeQsJ
252,@bhar13f @OomYan_22 @akunkelima212 @z4r4n https://t.co/F4wfMy1Z4D
253,@bhar13f @OomYan_22 @akunkelima212 @z4r4n Udah pernah ğŸ™„
254,Mirip ramalan Gua saat Pilihan walikota solo waktu itu ğŸ˜‚ https://t.co/AoVjELvJKI https://t.co/MCGXBJKMlZ
255,"@Boruhutapea_18 Lemah ğŸ™„ğŸ™„

#TutupHolywingsIndonesia"
256,"@Boruhutapea_18 BarengğŸ™„

#TutupHolywingsIndonesia"
257,"@Boruhutapea_18 @z4r4n Gaskeun lagi

#TutupHolywingsIndonesia"
258,@Putrakawom Wkwkkwkw
259,"@Boruhutapea_18 Hancurkan !!!! ğŸ”¥ğŸ”¥ğŸ”¥ğŸ”¥

#TutupHolywingsIndonesia"
260,@OomYan_22 @bhar13f @_melody_mellow @Nat_G4disDesa @PanciB0zz @akunkelima212 @Lingsir_Wengi16 @Meydie73 @ISTANA_CLina10 @AdelEmbul_Back @1182S4fitri @handajani10 @Srikandi_sunda @YandraD31 @MayaMario1 @_4iiiii_naaaaaa @jaga_atitude @Cattl3yya @Di4ntara @ShadowJoe2 @GenBeWise https://t.co/lzcje8l4DW
261,"Tutup Tutup Holywings tutup Holywings Sekarang Juga ğŸ‘ŠğŸ‘Š

#TutupHolywingsIndonesia 
#TutupHolywingsIndonesia https://t.co/0u8jy50k8A"
262,@akunkelima212 @asx4_r @B_n1ng17 @PanciB0zz @YandraD31 @OomYan_22 @RamaArsd @DidiekMurdock @h4mjahh @emprosay @RezaMrc786 @blenk877 @RCjpcpSnfBLLX9b @Srikandi_sunda @qurratu_4in1 @Lheea13 Ada gya itu cebinya yg manağŸ˜‚ğŸ¤£
263,@asx4_r @z4r4n Benar yang bisa diseret kemeja hijau pemilik nya karna restoran yg dia miliki sudah keluar jalur
264,@bhar13f @akunkelima212 https://t.co/d2QBzSNRKR
265,@akunkelima212 @Catatan_ali7 https://t.co/t3iEEM46Qh
266,"@radenrauf Quality Time  , Just me and her"
267,@akunkelima212 @TheLast007 @Safabawel @PanciB0zz @bhar13f https://t.co/2ie9Y77uGi
268,@akunkelima212 @TheLast007 @Safabawel @PanciB0zz @bhar13f 5 bang yg 2 jepretin ke enteğŸ™„
269,"@akunkelima212 @TheLast007 @Safabawel @PanciB0zz @bhar13f Pikul Tampah , gua jual pecel ğŸ™„"
270,@bhar13f RuwetğŸ˜‚ğŸ¤£
271,@bhar13f https://t.co/CNfE66rmw3
272,@akunkelima212 Kate sape
273,@akunkelima212 Njir
274,Wait and see
275,@Boruhutapea_18 Aamiin Ya Allah Doa Yang Terbaik ğŸ¤—
276,@akunkelima212 Kalau ngantuk tidurğŸ¤£ğŸ˜‚
277,"Good relationships don't just happen. They take time, patience &amp;  two people who truly want to be together 

Bismillah ğŸ¤—ğŸ’™"
278,@bhar13f https://t.co/S1DPn4ggdd
279,@bhar13f https://t.co/96QzuM7K8O
280,@bhar13f https://t.co/QrG3LELWWD
281,@akunkelima212 @bhar13f https://t.co/d4fswJo81n
282,@OomYan_22 @akunkelima212 @shiv_g85 @B_n1ng17 @PanciB0zz @YandraD31 @emprosay @RamaArsd @RezaMrc786 @Srikandi_sunda @qurratu_4in1 @DrEvaChaniago @KING__VADUKA @Helmi_Felis @Nicho_Silalahi @B_dzoel @Chaa_Unk_VR1 @z4r4n @bhar13f @C4kDeep_ https://t.co/erAK3WkrEy
283,@akunkelima212 @shiv_g85 @B_n1ng17 @PanciB0zz @YandraD31 @OomYan_22 @emprosay @RamaArsd @RezaMrc786 @Srikandi_sunda @qurratu_4in1 @DrEvaChaniago @KING__VADUKA @Helmi_Felis @Nicho_Silalahi @B_dzoel @Chaa_Unk_VR1 @z4r4n @bhar13f @C4kDeep_ Gak kapok kapok ğŸ¤¦â€â™€ï¸
284,@bhar13f @akunkelima212 @z4r4n Pasal malamğŸ¤£ğŸ˜‚
285,@akunkelima212 @z4r4n @bhar13f No link hoaxğŸ™„
286,@akunkelima212 @z4r4n @bhar13f Gubernur gua tuh ğŸ˜‚ğŸ¤£ğŸ˜‚ğŸ¤£ğŸ˜‚ğŸ¤£
287,@akunkelima212 https://t.co/aWHa1iaVMh
288,@akunkelima212 @z4r4n @bhar13f https://t.co/6tvNxWRgHt
289,@akunkelima212 Naek perahu ?
290,@akunkelima212 @6undul0h dikatain omğŸ‘†
291,@PrieLeo_ @Catatan_ali7 @xlinee_id DiemluğŸ˜¤ğŸ˜¤
292,@akunkelima212 @z4r4n @bhar13f ğŸ˜«ğŸ˜« https://t.co/Kq3oL44u7g
293,@akunkelima212 @z4r4n @bhar13f NajisğŸ¤®ğŸ¤®
294,@z4r4n @bhar13f @akunkelima212 Ngomel mulu mentang2 dikerubutin 2 cewe jadi jadianğŸ˜‚ğŸ¤£
295,@bhar13f @akunkelima212 @z4r4n
296,https://t.co/lrmHwvqQ6C https://t.co/jux2C4nVaZ
297,Seng meh milih koe ki sopo cak cak ğŸ˜‚ğŸ¤£ https://t.co/OuPaBgZCzW
298,@Muhammad_Saewad ğŸ˜‚ğŸ˜‚
299,@Muhammad_Saewad Kirain jawab nya ndak saya kepengen lagi seperti anak saya ğŸ™„ğŸ¤¦â€â™€ï¸
300,MEMALUKAN!! https://t.co/ac5vT6zTqr
301,Alhamdulillah Untuk Hari Ini semoga Berkah dan dapat memberikan manfaat
302,@DrEvaChaniago https://t.co/4cH88ZflqY
303,"Pdip
Mega Vs Jokowi

Pkb
Imin vs Yenny

Jangan dipisahin antepin aja ğŸ¤£ğŸ˜‚"
304,@Stevaniehuangg Wah mau GA pasti buk lurah
305,GUSDURIAN yakin masih mau pilih ini orang jika NYAPRES nanti ??? https://t.co/LQ6vXmpxWV
306,@idextratime @lequipe NEYMAR udah mati karir nya akhir nya gak dapat apa apa selain duit dalam karirnya
307,@A1ki4_ku5_21 Pagi kak kia
308,@akunkelima212 @Catatan_ali7 @z4r4n Hemmmm @A1ki4_ku5_21 @Aydrooze1 @bhar13f @Ochi_Queen09_2
309,@MarchelPinem @garagarabola_ @SamiKhedira @FabrizioRomano Sangat disayangkan ya
310,@AdeKikiSumarna1 @garagarabola_ @SamiKhedira @FabrizioRomano Indonesia dia emang gak kenal banyak okelah tapi dari sang pemain mustahil dia ga tau pemain yg diangkut persija termasuk pemain inti ceko dan klub nya..
311,"@MarchelPinem @garagarabola_ @SamiKhedira @FabrizioRomano Tapi isu mereka kan udah jauh jauh hari masak gak sampe ketelinga @FabrizioRomano lumayan kan kalau dia sebutkan proses transfer itu nama persija liga indonesia kemana mana 

Gua fans persib tapi gua pikir harusnya fabrizio kabarkan itu agar lebih WAH"
312,@garagarabola_ @SamiKhedira Min @FabrizioRomano kok ga beritain pemain Eropa yg hijrah kepersija ? Bukan nya kudela kremncik cukup punya nama disana tapi kok gak diberitain ya
313,@xlinee_id ğŸ˜“ğŸ˜‘
314,@xlinee_id Duh onest
315,@Boruhutapea_18 @keuangannews_id https://t.co/DiWwdBnoFw
316,@akunkelima212 https://t.co/o9HCTgjIcV
317,@akunkelima212 https://t.co/KbbJiPuZ0o
318,@akunkelima212 @Boruhutapea_18 https://t.co/QkxYc8jaa3
319,@bhar13f @YanGuning2 @Boruhutapea_18 Lagi dipengadilan ? Kok banding ğŸ™„
320,@akunkelima212 @Boruhutapea_18 https://t.co/dcbSpxNhah
321,"@akunkelima212 @Boruhutapea_18 ğŸ¤£ğŸ˜‚

Itulah cara kami romantis"
322,@Boruhutapea_18 @akunkelima212 Kan romantis ayank ğŸ™„
323,@akunkelima212 Najis
324,@akunkelima212 Vania putra petir eh ğŸ˜‚
325,@akunkelima212 Kan romantis bang kalau kesamber petir berdua itu https://t.co/eGu22ToDlM
326,@akunkelima212 Ya allah turunkanlah petir
327,PEKAES https://t.co/Ql0zL5MxYF
328,@TheEagle_BEN @Catatan_ali7 @AlyaFziyah Pala ko kutelan
329,@TheEagle_BEN Kutempeleng ko nanti
330,@TheEagle_BEN Betumbuk lah kita
331,@TheEagle_BEN Pala ko sedekah
332,@bhar13f @Catatan_ali7 @friscadilla_17 ğŸ˜‚
333,@TheEagle_BEN Kepala ko
334,@soekaca55 @nyonyahsyuper Taek
335,@soekaca55 @nyonyahsyuper ğŸ¤¦â€â™€ï¸ ngisi ngisini tenan untung udu wong klatenğŸ˜‚
336,@soekaca55 @nyonyahsyuper Wong pekokğŸ˜‚
337,@akunkelima212 @Chaa_Unk_VR1 @riadis99 ğŸ¤£ğŸ˜‚
338,@soekaca55 @nyonyahsyuper Hahahahahah lagian wes ra usum maskeran ndadak maskeran
339,@soekaca55 @nyonyahsyuper Bahahahahaha biasa mangan neng warteg mangan kui
340,"@GSXRR750 @idextratime @ManTheDark3 Yang dibahas apa yang dijawab apa keliatan sekali kualitas Otak anda....

Benci boleh tapi GOBLOK jangan .... kalau bahas pemain Pemain Flop  lain perasaan banyakan CHELSEA

HIGUAIN TORRES APA KABAR ? ğŸ˜‚"
341,@nyonyahsyuper Kui mesti @soekaca55
342,@PrieLeo_ ğŸ¤”
343,@MariaAlcaff @Nurulkjo1 @Jannah_Lulu_ @PanciB0zz @B_n1ng17 @guzelamare @Dennaaja_ @Uchi_ajja @Jemimaways @axdwin @AdamVelcro @embrio_54 @AsgardBram @BERKARYA_NET @FormosaD4 @AinShifra @tinaahmad @el__yassien Aamin ya rabb
344,Nomer 1 nya Al mukarom ABU JANDA https://t.co/6B70cWhPfi
345,@TheEagle_BEN @geloraco Alternatif bodoh
346,@TheEagle_BEN @geloraco Air kencing aja ben
347,"Bismika allahumma ahyaa wa bismika amuut

Selamat malam selamat istirahat semua nya ğŸ™"
348,@TheEagle_BEN @geloraco Sudah minum baygon ?
349,@TheEagle_BEN @geloraco Kalau belum sama kita
350,@TheEagle_BEN @geloraco Ko sudah makan ben ?
351,@TheEagle_BEN @geloraco Majulah sini ko
352,@TheEagle_BEN @geloraco Kutempeleng ko nanti
353,@TheEagle_BEN @geloraco Ayolah betumbuk kita
354,@TheEagle_BEN @geloraco Ayolah betumbuk kita
355,@TheEagle_BEN @geloraco Takut ko rupanya
356,@TheEagle_BEN @geloraco Suruh kawan ko maju sekalian
357,@TheEagle_BEN @geloraco Maju ko sini
358,@TheEagle_BEN @geloraco Betumbuklah kita
359,@TheEagle_BEN @geloraco Tanya pun tak boleh
360,@TheEagle_BEN @geloraco Siapa itu ben
361,@Rudvan77 @Indostransfer @persib Oke soalnya gak ada kabarnya ğŸ˜‚
362,@TheEagle_BEN @geloraco Hanya tanya saja salah
363,"@Indostransfer IRIANTO
KLOK
KAMBUAYA

Apa kabar mereka min ? Belum balik ke @persib ?"
364,@TheEagle_BEN @geloraco Siapa itu ben
365,@TheEagle_BEN @eigeradventure Pala ko kutempeleng nanti
366,"Size nya gak ada min ğŸ™„

Ada info store yang ready size XL atau XXL gak untuk wilayah Yogya dan sekitarnya @eigeradventure https://t.co/7ITFLRrKoL"
367,@bhar13f @suneo138 Bisa ditalak gua masuk group begituanğŸ˜‚ğŸ¤£
368,@RawonStats Fill amaninah cak
369,@suneo138 ğŸ˜‚ğŸ¤¦â€â™€ï¸
370,@suneo138 https://t.co/QIqZdtuOVa
371,"@radenrauf Semoga dia yang jauh disana baik baik saja selalu dalam Lindungan Allah Swt

Yes, it's hard not being together physically, you cannot kiss and hug each other but, still you know that one day you will Always Together 

I Believe ğŸ¤—ğŸ’™"
372,"Semoga dia yang jauh disana baik baik saja selalu dalam Lindungan Allah Swt

Yes, it's hard not being together physically, you cannot kiss and hug each other but, still you know that one day you will Always Together 

I Believe ğŸ¤—ğŸ’™ https://t.co/stsONCIgaq"
373,@Nurulkjo1 https://t.co/NSOmJcYzgR
374,@akunkelima212 @Boruhutapea_18 @Ratu_Tagar @Zafira_Ahmad @Nurulkjo1 @z4r4n https://t.co/OQHEZTPdht
375,@Gank_Of_Petojo @SiPeNutur @Catatan_ali7 Dih liat aja gak sok tehe ğŸ™„
376,@soekaca55 ğŸ¤£ğŸ˜‚ğŸ¤£ğŸ˜‚ğŸ¤£ğŸ˜‚ğŸ¤£ğŸ˜‚ğŸ¤£
377,@soekaca55 La iyo piye ora ninggal wong maen karo klub e elkan baggot arsenal
378,@soekaca55 Kalem ae
379,@soekaca55 Tenang ae uston nawawi otw
380,@ArwahMiliter @PrieLeo_ @anissabayu88 #PrieFor2024
381,@nyonyahsyuper Apple 13 proğŸ˜‚
382,@TheEagle_BEN @geloraco Maju ko sini aku mundur
383,@TheEagle_BEN @geloraco Pala ko kutipiskan nanti
384,@TheEagle_BEN @geloraco Nuduh kepala ko
385,@TheEagle_BEN @geloraco Bertanya pun salah
386,@TheEagle_BEN @geloraco Nenek kao
387,@bhar13f @penajam394 Udah paten https://t.co/Llx7rTAopI
388,@TheEagle_BEN @geloraco Siapa itu ben
389,@bhar13f @penajam394 Punya gue ğŸ™„
390,@bhar13f @penajam394 ğŸ˜‚ğŸ¤£
391,@BonekNetijen @RawonStats @eswetelu @Indostransfer @bonekcasuals Menurut mean yo opo striker e seng saiki ? Nek menurutku ra masok skill gak ono ga bedo adoh karo valport
392,@RawonStats @eswetelu @Indostransfer @bonekcasuals Lebih tepatnya proses harus ada progres proses tanpa progres buak ae cak
393,@Indostransfer Striker nya bau bau nya akan dibuang sebelum kompetisi bener ra @bonekcasuals
394,"@uusbiasaaja Siapa tau mau modalin sekalian jualan seprei sekaligus membantu UMKM kota klaten bang @uusbiasaaja

https://t.co/eii9htJP9c"
395,@Dh4n1eL33 @TrollFootball Body nya hampir sama kek matip kurus2 nya tapi kuat
396,@Dh4n1eL33 @TrollFootball Setipe koulibaly
397,@Dh4n1eL33 @TrollFootball MU lebih parah martial Bailly kagak laku2
398,@Dh4n1eL33 @TrollFootball Pemain pemain overprice semua
399,@Dh4n1eL33 ğŸ¤¦â€â™€ï¸ğŸ¤¦â€â™€ï¸ ruwet
400,@akunkelima212 Najis
401,@akunkelima212 @Boruhutapea_18 @Ndons_Back @DrEvaChaniago @Sedapmalam111 https://t.co/zWcclguR5a
402,@Boruhutapea_18 @akunkelima212 @radenrauf ğŸ”¨ https://t.co/OWP85C4tSP
403,@akunkelima212 @Boruhutapea_18 @radenrauf https://t.co/Wj9L1UeWfa
404,@bhar13f @TheLast007 @OomYan_22 @akunkelima212 @BerkatZebua19 @B_n1ng17 @PanciB0zz @YandraD31 @emprosay @RamaArsd @RezaMrc786 @blenk877 @Srikandi_sunda @qurratu_4in1 @Lheea13 @KuncenLembur @Tr4lal4_Tr1lil1 @RCjpcpSnfBLLX9b @KagetyaKaget @PutraMarbau @Teguhwr7 @Syareef92450772 @ARIOKESUMA234 @z4r4n https://t.co/DjiLtjJV5n
405,@bhar13f @TheLast007 @OomYan_22 @akunkelima212 @BerkatZebua19 @B_n1ng17 @PanciB0zz @YandraD31 @emprosay @RamaArsd @RezaMrc786 @blenk877 @Srikandi_sunda @qurratu_4in1 @Lheea13 @KuncenLembur @Tr4lal4_Tr1lil1 @RCjpcpSnfBLLX9b @KagetyaKaget @PutraMarbau @Teguhwr7 @Syareef92450772 @ARIOKESUMA234 @z4r4n https://t.co/4od8xmYpOg
406,@ajengcute16__ @BarBaro5_ https://t.co/e0vetHCVkW
407,@ajengcute16__ @BarBaro5_ Kanya kawin lah kelen
408,@ajengcute16__ @BarBaro5_ Udah lah kawin kelen biar ga ribut dan cemburuan terus
409,@ajengcute16__ @BarBaro5_ Bukan nya dihati udin cuma ada ajeng
410,@Indra99a @Indostransfer Betul
411,@pergii_jauh @Indostransfer Sama aja gak ngaruh
412,"@Indostransfer Benahi dulu wasit nya kadang malu kedatangan pemain yang main dieropa melihat kualitas wasit diindonesia selaly konsisten dengan KEBODOHAN nya

Nanti offside jadi onside dan sebaliknya"
413,"Benahi dulu wasit nya kadang malu kedatangan pemain yang main dieropa melihat kualitas wasit diindonesia selaly konsisten dengan KEBODOHAN nya

Nanti offside jadi onside dan sebaliknya https://t.co/Jpm2xcgtFQ"
414,Klaten solo Jogja klaten Alhamdulillah Terang
415,@ajengcute16__ Coba gua pengen denger komentar dari ketua assosiasi Pemuda pancasila @BarBaro5_ ğŸ¤£ğŸ˜‚
416,@PrieLeo_ Udeh buruan masukin lagi motornyağŸ”¨
417,@ArwahMiliter @PrieLeo_ Onest ada ada aja akalnya
418,@PrieLeo_ Motor digarasi dikeluarin bikib pideo biar dikira jemput ukhti abis tu masukin lg
419,@PrieLeo_ HALU LU
420,@garagarabola_ Buruk semua main nya
421,@is_pelssy https://t.co/Sa7M7dDjw0
422,"@akunkelima212 @Ratu_Tagar @DrEvaChaniago @Humaira922 @z4r4n @Boruhutapea_18 @Aydrooze1 @bhar13f Setia itu penting karna itu pondasi utama dalam suatu hubungan
Gua pernah gagal dan gua baru tau ternyata Faktor ekonomi bukanlah masalah utama dalam keretakan Suatu hubungan

Tapi mengingkari komitmen ternyata itu jauh lebih hororğŸ˜‚"
423,"@akunkelima212 @anaktermudaa @Chaa_Unk_VR1 @YulieReborn @Sedapmalam111 @B_n1ng17 @PanciB0zz @YandraD31 @emprosay @OomYan_22 @oom_reborn @RamaArsd @RezaMrc786 @Srikandi_sunda @qurratu_4in1 @DrEvaChaniago @Helmi_Felis @KING__VADUKA @bank_joee @C0peTJ4tineg4ra @C4kDeep_ @z4r4n @bangSaid_ @bangZhack86 @Yunardi99 @Boruhutapea_18 @Ratu_Tagar @mr_banan12 @bhar13f @Aydrooze1 @Minang_cyber @CutSarina5 @MikeTyson @justinbieber 
@Madonna"
424,@DrEvaChaniago Adek ali perempuan pernah jadi korban dapat 7 jahitan dikaki gara gara ada orang buka pintu mobil gak tengok belakang ada motor atau mobil gak
425,@Indostransfer Siapanya nadim
426,@bhar13f @lia_mecca1 @ad3ira29 @CutSarina5 @PemulungBerlian @z4r4n @Sphink_471 @BvlgariMissG @Fauzi83717354 @AnaMujahid2 @Cunengmu @cherienya_m16 @mueeza02 @Nissa_4yu @jaga_atitude @NisaGulagait100 @AisyaSa21998457 Assalamualaikum
427,"Ingat selalu hati kita satu
Meski jauh kau ada di hatiku
Nikmatilah sabda rindu
Sabda rindu yang melagu ğŸ¤—ğŸ’™ https://t.co/zFNujsGF2l"
428,@dyahNeZza @Catatan_ali7 @ZUL_Hasan @Official_PAN @Partono_ADjem ğŸ˜‚ğŸ¤¦â€â™€ï¸
429,@akunkelima212 @bhar13f @rchie_d1 @OomYan_22 @Kimberley20101 @_melody_mellow @AisyaSa21998457 @Nat_G4disDesa @PanciB0zz @emprosay @Lingsir_Wengi16 @Meydie73 @ISTANA_CLina10 @is_pelssy @AdelEmbul_Back @1128S4fitri @handajani10 @Srikandi_sunda @YandraD31 @mueeza02 @B_n1ng17 @Catatan_ali7 Aim Bobo dulu ya
430,Keren banget itu mulai coretan nya dari mana ya ğŸ¤¦â€â™€ï¸ https://t.co/UYAfL0AgP1
431,@TheEagle_BEN @OposisiCerdas https://t.co/S02nEw9dkD
432,@TheEagle_BEN @OposisiCerdas https://t.co/snWFdUjQcr
433,@TheEagle_BEN @OposisiCerdas Itu ko ben
434,@TheEagle_BEN @geloraco Muncung ko
435,@TheEagle_BEN @geloraco Kutombak muncung ko nanti
436,@TheEagle_BEN @geloraco Kepala ko
437,@TheEagle_BEN @geloraco Itu siapa ben
438,Rindu ? Ditahan dulu ya ada saat nya nanti bertemu saling menatap dan menyatu ğŸ¤—ğŸ˜˜
439,@BarBaro5_ @ajengcute16__ @AgusYudhoyono @PDemokrat CAPRESLAH
440,@BarBaro5_ @ajengcute16__ @AgusYudhoyono ğŸ¤£ğŸ˜‚
441,@BarBaro5_ @ajengcute16__ @AgusYudhoyono Taik lo beda lagi muncung koğŸ¤£ğŸ¤£
442,"@ajengcute16__ @BarBaro5_ Bukan ituuu buat kader manfaat oke euforia hasil poling tapi dibalik euforia manfaat poling itu kedepan nya untuk apa masak gak paham paham

Kalau gua JUJUR mau dia jadi CAPRES tapi sayang dari kalian banyak yg ingin dia jadi ekornya ANIES"
443,"@ajengcute16__ @BarBaro5_ Itu lain hal yg dimaksud manfaat poling itu apa jika tidak jd apa apa

Kalau belum berkuasa semua pasti bicara soal korupsi tidak korupsi dll so gua ga mau bahas itu 

Yg gua bahas hasil poling untuk apa"
444,@ajengcute16__ @BarBaro5_ Percuma unggul capres kalau ujung ujung nya jadi cawapres atau bahkan gak jadi apa apa ğŸ¤¦â€â™€ï¸
445,@firmanstosa @Catatan_ali7 Hahahaha
446,@PrieLeo_ Eh ketum
447,@Dh4n1eL33 @Catatan_ali7 Gua ntar aja kalau mau kawin ğŸ˜‚ğŸ¤£
448,@akunkelima212 @R_Bharata Karnivora dongğŸ¤£
449,@akunkelima212 @R_Bharata Laki juga lu godain bang
450,@BarBaro5_ https://t.co/ILWqQTjIYw
451,@akunkelima212 @R_Bharata ğŸ‘€
452,@akunkelima212 ğŸ¤®ğŸ¤®
453,@akunkelima212 https://t.co/hoAy3vSsFd
454,@akunkelima212 Bidji baru aja komenğŸ˜‚ğŸ¤£
455,"@Algadri_tulen @Helmi_Felis @wuwu1422 Wuih

Semoga sakinah mawadah warahmah om @Helmi_Felis , lae @Nicho_Silalahi kapan nyusul ?"
456,@akunkelima212 https://t.co/EJ3BtYNOEU
457,@Ketankinco1 https://t.co/3GuexTwMnK
458,@akunkelima212 Yasalam kenlap nongol
459,@Ketankinco1 Najis ğŸ¤®ğŸ¤®
460,"When I'm with you, hours feel like seconds. But when we're apart days feel like years

Miss you and Get well soon dear ğŸ¤—ğŸ’™"
461,Sama Lonte Negara kek gak ada harga diri nya ğŸ¤£ğŸ˜‚
462,@akunkelima212 Hahahaha
463,@daRa___ra @z4r4n @Jul3aRhma3 @Boruhutapea_18 @Ochi_Queen09_2 @DrEvaChaniago @B_dzoel @MariaAlcaff @A1ki4_ku5_21 @AisyahBocah Sudah diajak tabayun sudah baik baik eh malah pada diblokirin sama sinur yg ada didalam.proses tabayun tersebut..
464,@daRa___ra @z4r4n @Jul3aRhma3 @Boruhutapea_18 @Ochi_Queen09_2 @DrEvaChaniago @B_dzoel @MariaAlcaff @A1ki4_ku5_21 @AisyahBocah Kalau marah berarti ga berasa makanya nur diminta untuk klarifikasi
465,@akunkelima212 @B_dzoel Masak gua mau mention jokowi
466,@akunkelima212 @B_dzoel Ntah ğŸ˜‚ ada nama doi diabsenan itu
467,Lupa cc brother @B_dzoel
468,@RizSukma13 @Siajapul @Elviny_98 @mulyawi40997780 @PanciB0zz @yanbudi110965 @MariaAlcaff @inang_kore @EkaRana4 @annourcharity @DokterRasuna @m4c4n025 @Algadri_tulen @B_dzoel ğŸ™ğŸ™
469,@RizSukma13 @Siajapul @Elviny_98 @mulyawi40997780 @PanciB0zz @yanbudi110965 @MariaAlcaff @inang_kore @EkaRana4 @annourcharity @DokterRasuna @m4c4n025 @Algadri_tulen @B_dzoel Tolong sampaikan kekawan kawan KS ya bang
470,@z4r4n Bikin nama baik KOTA SEPI tercoreng
471,@akunkelima212 @z4r4n @Boruhutapea_18 Siram aer lada ğŸ˜‚ğŸ¤£
472,@akunkelima212 @z4r4n @Boruhutapea_18 Gak sesuai muncungnya
473,@Jul3aRhma3 @z4r4n @Boruhutapea_18 @Ochi_Queen09_2 @DrEvaChaniago @B_dzoel @MariaAlcaff @A1ki4_ku5_21 @AisyahBocah Dia pengen uji mekanik kalik
474,"@Siajapul @Elviny_98 @mulyawi40997780 @PanciB0zz @yanbudi110965 @MariaAlcaff @inang_kore @EkaRana4 @annourcharity @DokterRasuna @RizSukma13 @m4c4n025 @Algadri_tulen @B_dzoel Ini masalah yg harus diselesaikan @annourcharity fitnah keji ke bang @z4r4n kami sudah coba tabayun tapi tidak ada niat baik justru dia blokir2in orang orang yg terlibat dalam proses tabayun tersebut

Kami hanya ingin minta klarifikasi tulisan dia ini ğŸ™ https://t.co/gEcMkTwiOd"
475,"Sejak kapan juga SESAJEN punya Agama ? 

Kok ditendang dibuang pada ngamuk ğŸ¤” https://t.co/9p55GJssYq"
476,@FIFAcom @PSSI @afcasiancup FUCK LGBT ğŸ–•ğŸ–•ğŸ–•ğŸ–•ğŸ–•ğŸ–•
477,@ketupatminang @Catatan_ali7 https://t.co/iwJzlMhTdS
478,@akunkelima212 @Catatan_ali7 Makan aja taunya dia
479,"@Tommy_desky Penantian panjang akhir nya usai sudah selamat buat TIMNAS INDONESIA yang kembali bisa masuk PIALA ASIA setelah mengalahkan NEPAL 7 -0 Skor semua dicetak IWAN BULE

Ini semua berkat kerja keras beliau yang bisa bermain disegala posisi ğŸ™„ğŸ‘

#TimnasDay 
#TimnasIndonesia https://t.co/ZH0iKFZ3M1"
480,@Dh4n1eL33 @idextratime @iriawan84 Terimakasih iwan bule
481,@TongSate VARIO 160 ğŸ˜‚
482,@PSSI Terimakasih pak @iriawan84 ini semua berkat kerja keras bapak dipertandingan ini https://t.co/oCEDuEY3IR
483,@PSSI Terimakasih pak @iriawan84 ini semua berkat kerja keras bapak dipertandingan ini https://t.co/vOrDXpM8oY
484,@PSSI Terimakasih pak @iriawan84 ini semua berkat kerja keras bapak bermain disemua lini https://t.co/kaJGIzW28R
485,@PSSI Untung LINE UP yang diturunkan tidak salah https://t.co/aiZzgU7Ybz
486,@Indostransfer Terimakasih pak @iriawan84 ini semua berkat kerja keras bapak yang gak ngapa ngapain
487,@Indostransfer KOK JELEK main nya Jordan kayak ada main mata
488,@TheEagle_BEN @yo2thok Ngeyel kepala ko
489,@TheEagle_BEN @yo2thok Pala ko itu
490,@TheEagle_BEN @yo2thok Joko siapa ben
491,@Aydrooze1 @Boruhutapea_18 @Muhammad_Saewad https://t.co/FIvBEeniuE
492,@Boruhutapea_18 @KompasTV https://t.co/86LV39hgXl
493,@bhar13f ğŸ˜‚ğŸ¤£
494,@bhar13f Pake waipi ğŸ¤¦â€â™€ï¸
495,@bhar13f Kagak gerak
496,@akunkelima212 @Zafira_Ahmad @Boruhutapea_18 @bhar13f @z4r4n @C0peTJ4tineg4ra @DeJee_007 @Cute_Tagar @C4kDeep_ Abis @z4r4n ğŸ¤£ğŸ¤£
497,@akunkelima212 @Zafira_Ahmad @Boruhutapea_18 @bhar13f @z4r4n @C0peTJ4tineg4ra @DeJee_007 @Cute_Tagar @C4kDeep_ Ga abis lebaran haji juga ğŸ™„
498,@AlifAlhusein @Boruhutapea_18 @akunkelima212 Berisik kali ko bodat Bopak bapak aja ko dari tadi gak ada narasi lain kutempeleng juga ko nanti
499,@akunkelima212 @Boruhutapea_18 @bhar13f @z4r4n @C0peTJ4tineg4ra @DeJee_007 @Cute_Tagar @Zafira_Ahmad @C4kDeep_ https://t.co/WLsTramCfu
500,@Boruhutapea_18 @AlifAlhusein @akunkelima212 https://t.co/7SnXhEBkzn
501,@akunkelima212 @Boruhutapea_18 @bhar13f @z4r4n @C0peTJ4tineg4ra @DeJee_007 @Cute_Tagar @Zafira_Ahmad @C4kDeep_ Jual pigur aja bangğŸ˜‚ğŸ¤£
502,@akunkelima212 @Boruhutapea_18 @bhar13f @z4r4n @C0peTJ4tineg4ra @DeJee_007 @Cute_Tagar @Zafira_Ahmad @C4kDeep_ Kalau gak ada kembalian kasih bonbon
503,@BarBaro5_ https://t.co/fmmDrxbZki
504,@akunkelima212 @Boruhutapea_18 @bhar13f @z4r4n @C0peTJ4tineg4ra @DeJee_007 @Cute_Tagar @Zafira_Ahmad @C4kDeep_ Gua yg ngaduk es teh nya dongğŸ˜‚
505,@akunkelima212 @Boruhutapea_18 @bhar13f @z4r4n @C0peTJ4tineg4ra @DeJee_007 @Cute_Tagar @Zafira_Ahmad @C4kDeep_ Njir jual indomie ğŸ¤¦â€â™€ï¸ğŸ˜‚
506,@akunkelima212 @Boruhutapea_18 @bhar13f @z4r4n @C0peTJ4tineg4ra @DeJee_007 @Cute_Tagar @Zafira_Ahmad @C4kDeep_ https://t.co/rB8ZYzAMzr
507,@akunkelima212 @Boruhutapea_18 @bhar13f @z4r4n @C0peTJ4tineg4ra @DeJee_007 @Cute_Tagar @Zafira_Ahmad @C4kDeep_ Biar bisa Nikahin anjeli ğŸ’ƒğŸ’ƒ
508,"@akunkelima212 @Boruhutapea_18 @bhar13f @z4r4n @C0peTJ4tineg4ra @DeJee_007 @Cute_Tagar @Zafira_Ahmad @C4kDeep_ Nguli lagi ah , ğŸƒâ€â™‚ï¸ğŸƒâ€â™‚ï¸ğŸƒâ€â™‚ï¸ğŸƒâ€â™‚ï¸"
509,@akunkelima212 @Boruhutapea_18 @bhar13f @z4r4n @C0peTJ4tineg4ra @DeJee_007 @Cute_Tagar @Zafira_Ahmad @C4kDeep_ https://t.co/qXu2q5Qzgu
510,@akunkelima212 @Boruhutapea_18 @bhar13f @z4r4n @C0peTJ4tineg4ra @DeJee_007 @Cute_Tagar @Zafira_Ahmad @C4kDeep_ Sahrul nainggolan ğŸ˜‚ğŸ¤£
511,@akunkelima212 @Boruhutapea_18 @bhar13f @z4r4n @C0peTJ4tineg4ra @DeJee_007 @Cute_Tagar @Zafira_Ahmad @C4kDeep_ https://t.co/sVBGOx66HS
512,@ArgentianaA Sambit kalau lewat
513,@Boruhutapea_18 @detikcom ğŸ‘€
514,@TongSate Cc @soekaca55
515,GOBLOKğŸ¤¦â€â™€ï¸ https://t.co/wlpTpE3NVf
516,@PrieLeo_ ODGJ
517,@PrieLeo_ NajisğŸ¤®
518,@Khabee12 @ReezMuhammad Aamiin ya rabb
519,@TheEagle_BEN @geloraco Pala kolah
520,@TheEagle_BEN @geloraco Pala ko kuiris iris nanti
521,@TheEagle_BEN @geloraco Siapa itu ben
522,@MAHENDRA_GNW @xlinee_id Onest ngeselin
523,@TheEagle_BEN @yo2thok Kan ko tanya bodoh
524,@TheEagle_BEN @yo2thok 90 ben
525,@TheEagle_BEN @yo2thok Aku kan sudah dewasa bodoh
526,@TheEagle_BEN @yo2thok Siapa itu ben
527,"Come on Blues 

#PERSIBDAY"
528,@Boruhutapea_18 ğŸ‘€ğŸ‘€
529,@taufannmhd @ihsans285 @muarahabi_a @utdfocusid DUTA SAMPAH BPLğŸ˜‚ğŸ¤£
530,"@ihsans285 @muarahabi_a @taufannmhd @utdfocusid Gak usah bicara TREBLE kalau belum pernah ngerasain ğŸ˜‚ğŸ¤£

NABOK MUKA SENDIRI

Ngapain kasian sama RONALDO ğŸ˜‚ kasiani noh GERRARD CARAGHER Boro boro setara ronaldo setara ANDERSON aja kagak 

LEGEND LU DIMATA ANDERSON SAMPAH"
531,"@ihsans285 @muarahabi_a @taufannmhd @utdfocusid Ngatain MU sampah puasa gelar dll tapi selama puasa Gelar EPL masih belum ada yg bisa nyalip ğŸ¤£

Gua kasian liat klub suporter bahkan legenda 30 tahun jadi sampah ğŸ¤£

Bahkan ada pemain yg dari usia belasan tahun sampe pensiun Gak dapat apa apa ğŸ¤£ğŸ˜‚"
532,@ihsans285 @muarahabi_a @taufannmhd @utdfocusid Mau setahun mau kemarin yg udah lewat namanya sejarah ğŸ¤£ğŸ˜‚ğŸ¤£ğŸ˜‚
533,"@ihsans285 @muarahabi_a @taufannmhd @utdfocusid Bahahahahaha kasihan sekali liat kalian masih jadi sampah udah belagu sundul langit

Legend kalian dari caragher sampe gerard Prestasi nya masih jauh dibawah ANDERSON ğŸ¤£ğŸ˜‚ğŸ¤£ğŸ˜‚"
534,"@ihsans285 @muarahabi_a @taufannmhd @utdfocusid Lah sejarah ? Hasil kemarin juga masuk kategori sejarah loh ğŸ¤£ğŸ˜‚

Membusuk ditong sampah 30 tahun baru sekarang baru pada berani nongol ğŸ˜‚ğŸ¤£"
535,"@muarahabi_a @taufannmhd @ihsans285 @utdfocusid Halah halah itu aja yg dibanggain ngalahi  MU udah kek juara padahal mah bapukğŸ˜‚

30 Tahun jadi sampah dan baru sekarang berani nongolğŸ˜‚ğŸ¤£"
536,@DrEvaChaniago 1 aja cukup ustadzah
537,@taufannmhd @ihsans285 @utdfocusid Parah ğŸ¤¦â€â™€ï¸
538,@taufannmhd @ihsans285 @utdfocusid Itu dia ğŸ¤¦â€â™€ï¸ğŸ¤¦â€â™€ï¸
539,@taufannmhd @ihsans285 @utdfocusid Sombong nya sundul langit yg gua jijik ğŸ˜‚
540,@taufannmhd @ihsans285 @utdfocusid Sekarang sudah mulai penurunan nya ğŸ˜‚
541,@DrEvaChaniago Aku dapat apa dong ? ğŸ˜Œ
542,@taufannmhd @ihsans285 @utdfocusid Sekarang juga masih jadi badutğŸ˜‚ğŸ¤£
543,@taufannmhd @ihsans285 @utdfocusid Bahahahahahaha
544,"Engkau jauh dimata Tapi dekat didoa 
ğŸ¤—ğŸ’™ https://t.co/bnCtgYvKpG"
545,@ihsans285 @utdfocusid Oh puasa gelar sampe pensiun ? Kek GERARD dong ğŸ˜‚
546,@GInD0_ ğŸ¤¦â€â™€ï¸ğŸ¤¦â€â™€ï¸
547,@GInD0_ DGJ dikasih panggungğŸ¤¦â€â™€ï¸
548,@GInD0_ DGJ
549,@MAHENDRA_GNW EditanğŸ˜‚ğŸ¤£
550,SARKEM https://t.co/Fnp6HeEQci
551,@MAHENDRA_GNW Kidal kebutuhan fhoto shoot ğŸ¤£ğŸ˜‚
552,"@MAHENDRA_GNW Takut mimpi burukğŸ˜‚ğŸ¤£

Itu pegang melody apa ritem ?"
553,@MAHENDRA_GNW ğŸ™„ gua mau tidur liat beginian
554,@RyanIndraa_ @carousel_0 @Indostransfer ğŸ˜‚ğŸ˜‚
555,@Boruhutapea_18 @geloraco Modal balihoğŸ¤£ğŸ˜‚
556,@JoMinang You stupid! Canâ€™t you see? Thatâ€™s fucking dangerous For Padang Because padang Majority Moslem
557,@ShofwanMuis @carousel_0 @Indostransfer Dia gak nonton atau biasa hanya bisa nonton tanpa tau isi apa yg ditontonğŸ˜‚
558,@carousel_0 @Marom_27 @Indostransfer Setidaknya kalau nonton itu objektif buang dulu dukung mendukung jadi tau salah benar ğŸ˜‚
559,@Indostransfer Wasit indonesia dari tahun ketahu  tidak ada perubahan ğŸ˜‚
560,@carousel_0 @Marom_27 @Indostransfer Anda gak nonton berarti ğŸ˜‚ atau aremania ? Ya wajar kalau aremania ğŸ˜‚
561,@Marom_27 @carousel_0 @Indostransfer Dia ga nonton jadi masih nanyağŸ˜‚
562,"@utdfocusid Striker bapuk
Gabung klub bapuk
Yang mimpi treble winner ğŸ˜‚"
563,"STRIKER MUSIMAN ğŸ˜‚

MU cerdas tidak tertarik https://t.co/4FNQoefzoa"
564,@bhar13f @Catatan_ali7 @Boruhutapea_18 Serang... https://t.co/G8dyf7Nckg
565,@xlinee_id @PrieLeo_ ditanya noh
566,@carousel_0 @Indostransfer Cek aja sendiri dan nilai sendiri
567,@SatriaMaul2022 @Catatan_ali7 Bahas rendang ?
568,@carousel_0 @Indostransfer Nonton ?
569,@Indostransfer WASIT nya jorok banget ketara banget mihak TUAN RUMAH
570,"@Gank_Of_Petojo ğŸ˜‚ğŸ¤£

Males"
571,@Gank_Of_Petojo Ga paham ğŸ˜‚
572,@Gank_Of_Petojo Ras apa koh
573,@Boruhutapea_18 https://t.co/jA9j4nsAfA
574,@kankmazaydrooze @Boruhutapea_18 https://t.co/4e0CLuMNkh
575,BABI NYA NGAMUK ??? https://t.co/JfXkui5tYj
576,@Boruhutapea_18 ğŸ‘€
577,"Dan kau tanyakan aku
Sedang apa kamu di sana
Dan kujawab ke kamu
Aku sedang mikirin kamu
Sedang mikirin kamu ğŸ¤—ğŸ’™ https://t.co/OH7U9XxEYj"
578,@MAHENDRA_GNW ğŸ¤£ğŸ˜‚
579,@MAHENDRA_GNW TRIAD aku sedang mikirin kamu ğŸ¤£
580,@MAHENDRA_GNW Main kejogja gua pasti nonton Colabs malah ğŸ’ƒğŸ’ƒ
581,@MAHENDRA_GNW Kan jauh ğŸ™„ğŸ™„
582,@MAHENDRA_GNW Males
583,"I did three things today miss you, miss you, and miss you more ğŸ’™ğŸ’™"
584,@PrieLeo_ @Cattl3yya HAAALUUU
585,@FT_IDN IWAN BULE FEDERATION
586,"@Boruhutapea_18 @Humaira922 Thank You, oh messenger of Allah, Muhammad SAW

How Beutiful is your guidance

 #LoveNabiMuhammadSaw"
587,Get better and get back to your amazing self soon dear ğŸ¤—ğŸ’œ
588,@Dh4n1eL33 @GOAL_ID TrezeguetğŸ˜‚
589,"Yang masih melek yok Sundul lagi 

ğŸ‘‡ğŸ‘‡
#IndiaIslamopobhia 
#IndiaIslamopobhia"
590,@Dh4n1eL33 @UnitedStandMUFC Harus banyak belajar dari barca ğŸ¤£ğŸ˜‚
591,@TheEagle_BEN @SatriaMaul2022 @Muhammad_Saewad Mana pertanyaan ko
592,@TheEagle_BEN @SatriaMaul2022 @Muhammad_Saewad Dukun kepala koğŸ”¨
593,@Dh4n1eL33 @UnitedStandMUFC Bisa jadi the next pogba kalau ga dijaga bener harusnya kek barca tanda tangan kasih release close 300 juta ğŸ˜‚ğŸ¤£
594,@TheEagle_BEN @SatriaMaul2022 @Muhammad_Saewad Diemko ben
595,@Dh4n1eL33 @UnitedStandMUFC Gua lebih nunggu Garnacho ama garner ğŸ˜‚
596,@setyoNurma Wajib
597,@TheEagle_BEN @yo2thok Kuiris iris muncung ko nanti
598,@Dh4n1eL33 @UnitedStandMUFC Ada rashford juga ğŸ˜‚
599,@TheEagle_BEN @yo2thok Kutempeleng ko nanti
600,@Dh4n1eL33 @UnitedStandMUFC Iya juga ya ğŸ˜‚ğŸ¤£
601,@TheEagle_BEN @yo2thok Salahnya dimana
602,@Dh4n1eL33 @UnitedStandMUFC Kenapa gak bale sekalian nanggung
603,@TheEagle_BEN @yo2thok Aku bertanya itu apa bodoh
604,@TheEagle_BEN @yo2thok Itu apa ben
605,@MarbotAlAqsha @RizkiAsihan MemalukanğŸ¤£
606,@akunkelima212 @Boruhutapea_18 Ntar lagi nongol
607,"I Will Always Missing You. When You Are Far Away, that Simple Way I can do is Pray For You ğŸ’™ 

Get well soon dear ğŸ˜ŒğŸ¤— https://t.co/Xg1egbnmY5"
608,@akunkelima212 Sape
609,@akunkelima212 https://t.co/0f9BHDhyeO
610,@akunkelima212 Muncul lagi silapet bahğŸ™„ğŸ¤¦â€â™€ï¸
611,Tuhan Jaga Dia Untuk ku ....
612,@HakimPanglima @friscadilla_17 GOBLOK lu njing
613,@RizkiAsihan @Catatan_ali7 Betul
614,Merinding dan Malu liat SEKJEND PKS Hormat Ke Luhut ğŸ˜‚ğŸ¤¦â€â™€ï¸ https://t.co/EoTuZ5bjiN
615,@Mr_cosanostra @ajitrisatmoko @CNNIndonesia Otak dia yang salah
616,@Stevaniehuangg Sabar mas ğŸ™
617,"Hanya manusia yang merasa terhina

#IndiaIslamophobia https://t.co/URknxnRF9u"
618,"@Mr_cosanostra @mohtahid @SatriaMaul2022 @z4r4n @Boruhutapea_18 @Aydrooze1 @akunkelima212 Kencengin lagi yok

#IndiaIslamophobia
#IndiaIslamophobia

@B_n1ng17 @PanciB0zz @Boruhutapea_18 @akunkelima212 @z4r4n @SatriaMaul2022 @DrEvaChaniago"
619,"@Mr_cosanostra Gas

#IndiaIslamophobia"
620,@Mr_cosanostra @mohtahid @SatriaMaul2022 @z4r4n @Boruhutapea_18 @Aydrooze1 @akunkelima212 #IndiaIslamophobia ğŸ¤£ğŸ˜‚
621,@Mr_cosanostra @mohtahid @SatriaMaul2022 @z4r4n @Boruhutapea_18 @Aydrooze1 @akunkelima212 Slaah tulisan nya ğŸ™„
622,@SatriaMaul2022 Salah tulisan nya ğŸ™„ğŸ™„
623,"@akunkelima212 @B_n1ng17 @PanciB0zz @YandraD31 @RamaArsd @emprosay @RezaMrc786 @oom_reborn @Srikandi_sunda @Chaa_Unk_VR1 @DrEvaChaniago @Helmi_Felis @daRa___ra Yuk ah 

#IndiaIslamophobia"
624,"@akunkelima212 Gas lagi

#IndiaIslamophobia 
#IndiaIslamophobia"
625,"@friscadilla_17 INDIA
 ğŸ–•

#IndiaIslamopobhia 
#IndiaIslamopobhia"
626,"@mohtahid Gasss

#IndiaIslamopobhia 
#IndiaIslamopobhia 

@SatriaMaul2022 @z4r4n @Mr_cosanostra @Boruhutapea_18 @Aydrooze1 @akunkelima212"
627,"INDIA ISLAMOPOBHIA ??

SETUJU RT KERAS 

Sambil naikin tagar ğŸ‘‡
#IndiaIslamopobhia  
#IndiaIslamopobhia https://t.co/on37ticNj4"
628,"Ada tagar keren neh gaes naekin yok

#IndiaIslamopobhia 
#IndiaIslamopobhia https://t.co/hZ7aS67pFj"
629,"@IndiWage @kankmazaydrooze @Catatan_ali7 Maksud nya apa ya ? Bisa tolong diperjelas 

Kalimatnya jangan absurd takut nya jadi fitnah

Pacar kakak ngamuk kesaya dan Pasangan saya pasti gak suka dengan kalimat seperti ini"
630,@Boruhutapea_18 @akunkelima212 @IndiWage @kankmazaydrooze @Catatan_ali7 ğŸ˜®ğŸ˜®
631,@Mr_cosanostra @akunkelima212 @z4r4n @DaengMarowa @Catatan_ali7 @Aydrooze1 @bhar13f @mohtahid IkuuuttğŸ™„
632,@Mr_cosanostra @z4r4n @DaengMarowa @Catatan_ali7 https://t.co/CdErlNO3DM
633,@Mr_cosanostra @z4r4n @DaengMarowa @Catatan_ali7 Jangan dipisahin ğŸ™„ğŸ™„
634,@Mr_cosanostra @z4r4n @DaengMarowa @Catatan_ali7 Onest suka sirik omğŸ™„ğŸ™„
635,@Mr_cosanostra @z4r4n @DaengMarowa @Catatan_ali7 Najis ğŸ™„ğŸ¤®
636,"@z4r4n @Mr_cosanostra @DaengMarowa @Catatan_ali7 ğŸ™„ğŸ™„

Suprise"
637,@z4r4n @kankmazaydrooze @Catatan_ali7 @A1ki4_ku5_21 ğŸ¤¦â€â™€ï¸ğŸ˜«
638,@DaengMarowa @Catatan_ali7 Thank youğŸ’ƒğŸ’ƒğŸ’ƒ
639,@z4r4n @kankmazaydrooze @Catatan_ali7 @A1ki4_ku5_21 kak ada yg julid neh ğŸ™„ğŸ™„
640,@z4r4n @kankmazaydrooze @Catatan_ali7 ğŸ™„
641,@kankmazaydrooze @Catatan_ali7 ğŸ™„ doain napah
642,@Gank_Of_Petojo Oh udah yakğŸ˜‚
643,@Gank_Of_Petojo Fb ğŸ™„
644,@PrieLeo_ Eh ketum
645,@PrieLeo_ OnestğŸ™„
646,@HakimPanglima @friscadilla_17 Berisik lu njing
647,@PrieLeo_ Lah pan emang ketumğŸ™„
648,@PrieLeo_ Nah itu ketum tau
649,@PrieLeo_ Kek editan
650,@utdfocusid Timber Fdj Nkuku
651,@xlinee_id Eek
652,@akunkelima212 @ReezMuhammad Antangin
653,@akunkelima212 Amit amit ğŸ˜¡ğŸ”¨
654,@ReezMuhammad ğŸ˜‚
655,Rindu aku Rindu kamu jadi satu ğŸ’œ https://t.co/7q76jsbqRE
656,@akunkelima212 @Boruhutapea_18 @Aydrooze1 @bhar13f @z4r4n Sedang apa disini
657,@akunkelima212 @Boruhutapea_18 @Aydrooze1 @bhar13f @z4r4n Menatapku curiga
658,@xlinee_id Mic suaminya justru otomatis matiğŸ˜‚
659,@akunkelima212 @Boruhutapea_18 @Aydrooze1 @bhar13f @z4r4n Pada semut merah
660,@akunkelima212 @Boruhutapea_18 @Aydrooze1 @bhar13f @z4r4n Berdusta pada guru
661,@akunkelima212 @Boruhutapea_18 @Aydrooze1 @bhar13f @z4r4n Ingin jumpa denganku
662,@akunkelima212 @Boruhutapea_18 @Aydrooze1 @bhar13f @z4r4n Di sudut sekolah
663,@akunkelima212 @Boruhutapea_18 @Aydrooze1 @bhar13f @z4r4n Dan gelisah
664,@Boruhutapea_18 Apanya yang samar samar ?
665,@akunkelima212 @Boruhutapea_18 @Aydrooze1 @bhar13f @z4r4n https://t.co/NP3ulRNfMU
666,@akunkelima212 @Boruhutapea_18 @Aydrooze1 @bhar13f @z4r4n Gua bukan kuncenğŸ™„
667,@akunkelima212 @Boruhutapea_18 @Aydrooze1 @bhar13f @z4r4n Gua kagak bisuğŸ™„
668,@Boruhutapea_18 Lagi buka puasağŸ™„
669,@TheEagle_BEN @Lelaki_5uny1 @ListyoSigitP Itu siapa ben
670,@MAHENDRA_GNW Neon
671,@MAHENDRA_GNW https://t.co/wqJanWBIMZ
672,@JacksQuevara @Catatan_ali7 @YaniSunarno Banget
673,"baru beberapa bulan kemarin di phpin kalau dibilang rugi secara langsung sih enggak Tapi duit tertahan krn banyak barang yg sudah di keep tidak jelas status setiap ditanya kapan dikirim selalu saja ada alasan 

sudah malas tanya dan barang yg dikeep Langsung kujual keyang lain https://t.co/B4O9Z4MJZX"
674,@Catatan_ali7 @MakeItAQuote
675,@Catatan_ali7 @MakeItAQuote
676,@Catatan_ali7 @MakeItAQuote Color
677,Kok nunggu diundang ? Bukan nya itu JOBDESK MENTERI PARIWISATA ? https://t.co/wpnG4emGbd
678,@akunkelima212 @z4r4n @kankmazaydrooze @Aydrooze1 @Boruhutapea_18 @Cute_Tagar https://t.co/BK7BQHHK7z
679,@bhar13f https://t.co/j9ebOafGo3
680,@bhar13f @z4r4n @Aydrooze1 @akunkelima212 @Boruhutapea_18 @Cute_Tagar https://t.co/EgmV7fHfKf
681,@bhar13f @z4r4n @Aydrooze1 @akunkelima212 @Boruhutapea_18 @Cute_Tagar Ternyata cowok bib katanya
682,@Aydrooze1 @z4r4n @akunkelima212 @Boruhutapea_18 @Cute_Tagar Waduh maaf ketiduranğŸ˜«
683,"Jaka sembung bawa Golok
Gak nyambung GOBLOK https://t.co/ZOeq0OO8Oz"
684,@TheEagle_BEN @OposisiCerdas Muka ko kek setan
685,@TheEagle_BEN @OposisiCerdas Taik ko
686,@TheEagle_BEN @OposisiCerdas Kepala ko kupecah pecah nanti
687,@TheEagle_BEN @OposisiCerdas Pala ko
688,@TheEagle_BEN @OposisiCerdas Tidorlah bodoh
689,@ElHiro @Catatan_ali7 ğŸ˜‚
690,@Mr_cosanostra https://t.co/h5tx1o0rEd
691,Formula Esemka https://t.co/Mp5EUOL0cz
692,I think You will more impressed when you see ESEMKA MUSCLE CAR https://t.co/KrAb1Yg2Qh
693,@laode_kowu @Gojekmilitan Mas mau beli pusaka saya gak bisa ngilangin gobloknya ğŸ™„ https://t.co/c34JjqhwBA
694,@dara_darmayu Aamiin
695,@akunkelima212 @Catatan_ali7 @PejuangKeluar15 Betul ya bang
696,"@z4r4n @Catatan_ali7 @Boruhutapea_18 Seru neh 

#GelarSeprai ğŸ˜‚"
697,"@EriekaAmelia Yang menerima donasi itu siapa Harus disertai fhoto dan video kak biar tidak menjadi polemik 

Karna netizen sudah trauma dengan donasi KM 50 yg sampai saat ini tidak jelas transparansimya"
698,@TheEagle_BEN @democrazymedia Kutempeleng ko nanti
699,@TheEagle_BEN @democrazymedia BODOH
700,@TheEagle_BEN @democrazymedia Pacar ko itu ben
701,@TheEagle_BEN @yo2thok Taik ko ben kutempeleng sekalia  ko  nanti
702,@TheEagle_BEN @yo2thok Bodoh ko kutempeleng nanti bapak itu
703,@TheEagle_BEN @yo2thok Pala ko aku tanya serius pun
704,@TheEagle_BEN @yo2thok Itu siapa ben
705,Kanya kalau MAU NIKAH LAGI Izin ama yang TUA ğŸ™„ https://t.co/xoZygF0aGd
706,@Louis_chantika Buat beli bedcoverğŸ˜‚ğŸ¤£
707,"SOMBONG AMAT ğŸ˜‚ğŸ¤¦â€â™€ï¸

Bukan kader Partai tapi mau diusung kalau capres 

Ini ada Wacana lagi dari relawan gak mau pakai partai atau nyapres lewat partai

Yassalam Relawan relawan Anies kok 11 12 kek TEMAN AHOK dan PROJO kualitasnya ğŸ™„ğŸ¤¦â€â™€ï¸ https://t.co/n4sYj2583d"
708,@__KangMasMo3__ Alhamdulillah ğŸ™
709,@z4r4n Gak ada kaos nya ya
710,@__KangMasMo3__ ğŸ™„
711,ğŸ˜ªğŸ˜Œ https://t.co/vMoruXVD9O
712,@PrieLeo_ @PanciB0zz @Bu_ErteTL @Boruhutapea_18 @z4r4n @4addibA @Mr_cosanostra @__Sridiana_3va @DaengMarowa @bangZhack86 @__KangMasMo3__ @WongAlasRoban BerisikğŸ˜¡ğŸ”¨
713,"@PrieLeo_ @PanciB0zz @Bu_ErteTL @Boruhutapea_18 @z4r4n @4addibA @Mr_cosanostra @__Sridiana_3va @DaengMarowa @bangZhack86 @__KangMasMo3__ @WongAlasRoban Eh ketum

#MegaPKeliduanRasis"
714,@PrieLeo_ @Boruhutapea_18 @PanciB0zz @Bu_ErteTL @z4r4n @4addibA @Mr_cosanostra @__Sridiana_3va @DaengMarowa @bangZhack86 @__KangMasMo3__ @WongAlasRoban #KamiBersamaPrie
715,"@yudhi_sh thinking at that time was to serve its ownÂ political interestÂ through law enforcement by its own means

it's the current reality"
716,"@EdiMahaMG 12 ribu
8500"
717,@yudhi_sh What I'm worried is that POLITICIAN put hisÂ political interestÂ ahead of our national interest
718,@yudhi_sh Gaslah resiko pikir belakangğŸ¤£ğŸ˜‚
719,@yudhi_sh Tanggung bersama ğŸ¤£ğŸ˜‚
720,@yudhi_sh @rickasun09 Hahahaha
721,@yudhi_sh Penetrasi dulu om ğŸ˜‚ğŸ¤£
722,@yudhi_sh Kalau capres sudah turun berarti negara sedang tidak baik
723,@Boruhutapea_18 @geloraco https://t.co/mlJZX67nOL
724,"@Boruhutapea_18 @z4r4n @MegaPKeliduan Dah tidur silapetğŸ˜‚

#MegaPKeliduanRasis
#MegaPKeliduanRasis"
725,"@Boruhutapea_18 @__KangMasMo3__ @z4r4n @MegaPKeliduan @ruhutsitompul #MegaPKeliduanRasis
#MegaPKeliduanRasis https://t.co/cOx0Lbumqm"
726,"Yang belum tidur gaskeun lagi Tagar dibawah ini JANGAN KASIH KENDOR!!!

ğŸ‘‡ğŸ‘‡

#MegaPKeliduanRasis
#MegaPKeliduanRasis 

RT KERAS!!! https://t.co/kEfXOcSjhX"
727,"@BuronanMabes @ruhutsitompul Dah mulai rasis lapet satu itu

#MegaPKeliduanRasis
#MegaPKeliduanRasis"
728,"@Boruhutapea_18 @z4r4n @MegaPKeliduan @ruhutsitompul Jan pula aku ko sama kan kek kenlap  ğŸ™„

#MegaPKeliduanRasis
#MegaPKeliduanRasis"
729,"@Boruhutapea_18 @z4r4n @MegaPKeliduan @ruhutsitompul Aku tenggelam bersamamuğŸ™„ğŸ‘

#MegaPKeliduanRasis
#MegaPKeliduanRasis"
730,"@Boruhutapea_18 @z4r4n @MegaPKeliduan @ruhutsitompul Tagar apa pula yang coco buat aku ?

#MegaPKeliduanRasis
#MegaPKeliduanRasis"
731,"@Boruhutapea_18 @z4r4n @MegaPKeliduan @ruhutsitompul Siapa ?

#MegaPKeliduanRasis
#MegaPKeliduanRasis"
732,"@Boruhutapea_18 @z4r4n @MegaPKeliduan @ruhutsitompul Tuhan capek liat kelakuan dia ğŸ˜‚

#MegaPKeliduanRasis
#MegaPKeliduanRasis"
733,"@__KangMasMo3__ @PanciB0zz @Bu_ErteTL @Boruhutapea_18 @z4r4n @4addibA @Mr_cosanostra @__Sridiana_3va @DaengMarowa @bangZhack86 @WongAlasRoban @PrieLeo_ Yukkk lanjut

#MegaPKeliduanRasis
#MegaPKeliduanRasis"
734,"@Boruhutapea_18 @z4r4n @MegaPKeliduan @ruhutsitompul BahğŸ˜‚

#MegaPKeliduanRasis
#MegaPKeliduanRasis"
735,@Boruhutapea_18 Dih ğŸ™„ Sorry la yau
736,@Me_her11 @jvdas_iskariot Betul ğŸ‘
737,ğŸ˜‚ğŸ¤¦â€â™€ï¸ https://t.co/GRZMqDAmpI
738,"@Boruhutapea_18 @PanciB0zz @Bu_ErteTL @z4r4n @4addibA @Mr_cosanostra @__Sridiana_3va @DaengMarowa @bangZhack86 @__KangMasMo3__ @WongAlasRoban @PrieLeo_ Eeenggg gasss lagi

#MegaPKeliduanRasis
#MegaPKeliduanRasis"
739,"@Me_her11 @jvdas_iskariot harusnya pemberi tidak pesan apapun cukup pesan gunakan sebaik baiknya

Klo pesan untuk korban itu bisa diartikan yg berkorban yg memberi uang tp kalau dibebaskan

Terus dipakai beli hewan qurban uang nya itu tidak masalah dan pahala tetap buat Dia

Seperti itu sepengetahuan saya"
740,"@Boruhutapea_18 @PanciB0zz @Bu_ErteTL @z4r4n @4addibA @Mr_cosanostra @__Sridiana_3va @DaengMarowa @bangZhack86 @__KangMasMo3__ @WongAlasRoban @PrieLeo_ Apa ajalah ğŸ™„

#MegaPKeliduanRasis
#MegaPKeliduanRasis"
741,"@Boruhutapea_18 @PanciB0zz @Bu_ErteTL @z4r4n @4addibA @Mr_cosanostra @__Sridiana_3va @DaengMarowa @bangZhack86 @__KangMasMo3__ @WongAlasRoban @PrieLeo_ Gosongkan

#MegaPKeliduanRasis
#MegaPKeliduanRasis"
742,@Me_her11 @jvdas_iskariot Bukan yg saya maksud jika dapat uang berarti itu udah jadi hak nya bebas untuk apa saja bayar hutang atau beli hewan qurban ketimbang langsung ga wujud hewan qurban
743,"@friscadilla_17 @Yudi_Rossih @Humaira922 @Boruhutapea_18 @z4r4n @MegaPKeliduan Mie

#MegaPKeliduanRasis
#MegaPKeliduanRasis"
744,"@friscadilla_17 @z4r4n @PanciB0zz @Bu_ErteTL @Boruhutapea_18 @4addibA @Mr_cosanostra @__Sridiana_3va @DaengMarowa @bangZhack86 @__KangMasMo3__ @WongAlasRoban @PrieLeo_ ğŸ˜‚ nambah

#MegaPKeliduanRasis
#MegaPKeliduanRasis"
745,"@Me_her11 @jvdas_iskariot Boleh kalau berupa uang 
Kan kalau uang sudah jadi hak milik bebas mau dibelikan apapun termasuk hewan qurban"
746,"@putri_wiki90 @Catatan_ali7 @PanciB0zz @Bu_ErteTL @Boruhutapea_18 @z4r4n @4addibA @Mr_cosanostra @__Sridiana_3va @DaengMarowa @bangZhack86 @__KangMasMo3__ @WongAlasRoban @PrieLeo_ Sikat

#MegaPKeliduanRasis
#MegaPKeliduanRasis"
747,"@WongAlasRoban @friscadilla_17 @z4r4n @PanciB0zz @Bu_ErteTL @Boruhutapea_18 @4addibA @Mr_cosanostra @__Sridiana_3va @DaengMarowa @bangZhack86 @__KangMasMo3__ @PrieLeo_ Yok ah

#MegaPKeliduanRasis
#MegaPKeliduanRasis"
748,"@Cute_Tagar2 @PanciB0zz @Bu_ErteTL @Boruhutapea_18 @z4r4n @4addibA @Mr_cosanostra @__Sridiana_3va @DaengMarowa @bangZhack86 @__KangMasMo3__ @WongAlasRoban @PrieLeo_ Yuhuu

#MegaPKeliduanRasis
#MegaPKeliduanRasis"
749,"Siapanya MEGAWATI Ko pace ??

#MegaPKeliduanRasis
#MegaPKeliduanRasis https://t.co/Y2JJsFz7aU"
750,"@bangZhack86 Lenyapkan

#MegaPKeliduanRasis
#MegaPKeliduanRasis"
751,"@friscadilla_17 @z4r4n @PanciB0zz @Bu_ErteTL @Boruhutapea_18 @4addibA @Mr_cosanostra @__Sridiana_3va @DaengMarowa @bangZhack86 @__KangMasMo3__ @WongAlasRoban @PrieLeo_ Habiskan

#MegaPKeliduanRasis
#MegaPKeliduanRasis"
752,"@Cute_Tagar2 @PanciB0zz @Bu_ErteTL @Boruhutapea_18 @z4r4n @4addibA @Mr_cosanostra @__Sridiana_3va @DaengMarowa @bangZhack86 @__KangMasMo3__ @WongAlasRoban @PrieLeo_ Ah lanjut

#MegaPKeliduanRasis
#MegaPKeliduanRasis"
753,"@nyonyahsyuper @__Sridiana_3va @PanciB0zz @Bu_ErteTL @Boruhutapea_18 @z4r4n @4addibA @Mr_cosanostra @DaengMarowa @bangZhack86 @__KangMasMo3__ @WongAlasRoban @PrieLeo_ Gasss

#MegaPKeliduanRasis
#MegaPKeliduanRasis"
754,@mohtahid ğŸ¤£ğŸ˜‚ğŸ¤¦â€â™€ï¸
755,"@Yudi_Rossih @Catatan_ali7 @MegaPKeliduan Lanjut

#MegaPKeliduanRasis 
#MegaPKeliduanRasis"
756,"@Boruhutapea_18 @Catatan_ali7 @MegaPKeliduan Enggg gaaass

Up

#MegaPKeliduanRasis 
#MegaPKeliduanRasis"
757,@friscadilla_17 @ruhutsitompul @MegaPKeliduan Loak kali si @ruhutsitompul  ini lah kutengokğŸ˜‚ğŸ¤£
758,@friscadilla_17 @ruhutsitompul @MegaPKeliduan @ruhutsitompul paok ko hutğŸ˜‚
759,"@ruhutsitompul @friscadilla_17 @MegaPKeliduan Ko berak lah dulu hut yang banyak 
Dipenjara mau berak antri nanti ğŸ˜‚ğŸ¤£ğŸ˜‚"
760,@ruhutsitompul @friscadilla_17 @MegaPKeliduan Mega ketum pdip hut ? ğŸ¤£ğŸ˜‚
761,"Bah ini BAKSO BERANAK masih aja ngoceh dari tadi sudahlah fokus saja ke masalah ko sama RUHUT

Jangan ko bawa bawa yang tidak ada RELEVANSI nya dengan masalah ko sama ruhut 

Kalau perlu ko BETUMBUK sama Ruhut kami dukung https://t.co/1WV6vzLa2n"
762,"Dah gini aja TOREN AER mending lu fokus Tujuan awal lo menjarain RUHUT jangan melebar kemana mana apalagi bawa bawa Khilafah Pks Dll

Kalau perlu Lo sama Ruhut BAKU HANTAM ğŸ˜‚ https://t.co/UUhhcr2tgL"
763,https://t.co/pvzO24NStA https://t.co/oS8QkjhQRa
764,@restyca_yah @YandraD31 @MegaPKeliduan Mbak ğŸ˜‚
765,@Boruhutapea_18 @MegaPKeliduan @ruhutsitompul Ko baca ini paok @MegaPKeliduan lagi pula apa hubungan nya ko vs ruhut sampai bawa bawa pks dll gak nyambung
766,"Habis Pigai terbitlah Mega masuk angin semua ternyata dan ujung ujung nya hanya PANSOS dan selain PANSOS terselip juga CAMPAIGN LGBT

Jangan pakai lama ABAIKAN ( RAS BLOKIR UNFOL ) Orang macam ini 

Sudah tidak ada manfaat nya juga kita ikutin !! https://t.co/URTTEzxcXK"
767,"Ketum ko bahas BHINEKA TUNGGA IKA tapi dia dukung LGBT

Berarti dia tidak tau arti BHINEKA TUNGGA IKA itu apa ? 

BHINEKA TUNGGA IKA itu intinya membahas soal PERBEDAAN

LGBT itu bukan perbedaan Tp Persamaan yg coba dijadikan 1

Jadi LGBT itu bukan bagian dari BHINEKA TUNGGA IKA https://t.co/kcWf2UrnK8"
768,"Ko fokus saja sama RUHUT jangan melebar kemana mana kek badan ko ....

Dan coba ko jelaskan juga maksud ko RT soal LGBT maksudnya apa ? 

Ko sudah setua ini masak FUNGSI SILIT Gak paham!! https://t.co/T3TcEeG6hi"
769,@Boruhutapea_18 @MegaPKeliduan @ruhutsitompul Sibodat udah mulai masuk angin sudah gak jelas muncungnya arahnya kemana
770,@Boruhutapea_18 @z4r4n @MegaPKeliduan @ruhutsitompul Manyalak tapi masuk angin
771,@Boruhutapea_18 @z4r4n @MegaPKeliduan @ruhutsitompul Gak beda jauh sama natalius pigai masuk anjing eh angin ditengah jalan
772,@WongAlasRoban @Boruhutapea_18 @z4r4n @MegaPKeliduan @ruhutsitompul Badan gede usia dah tua fungsi burit aja gak tau parah kali ko @MegaPKeliduan
773,@Boruhutapea_18 @z4r4n @MegaPKeliduan @ruhutsitompul ğŸ¤¦â€â™€ï¸ Ada maksud terselubung
774,"Bawa bawa PKS lagi ko Paok ğŸ¤¦â€â™€ï¸ 
Ko sebenernya mau PENJARAIN RUHUT atau mau KAMPANYE LGBT ??? https://t.co/amk6gbbNzn"
775,@Mr_cosanostra @MegaPKeliduan PayahğŸ¤¦â€â™€ï¸
776,@Mr_cosanostra @MegaPKeliduan Badan gede tp ga tau fungsi silitğŸ™„ğŸ¤¦â€â™€ï¸
777,@Mr_cosanostra @MegaPKeliduan Goblok kanğŸ¤£ğŸ˜‚
778,@Mr_cosanostra @MegaPKeliduan Fungsi burit aja gak tau mau sok sokan lawan ruhutğŸ¤£ğŸ˜‚
779,"Takut rupanya @MegaPKeliduan sama ruhut pandai bernarasi saja tapi tidak ada bukti

Malah dapat bukti pula dia dukung LGBT dgn mengaminkan cuitan si alvin.... https://t.co/IYLAaFyQ0U"
780,@TheEagle_BEN @ketololan_tolol Bodoh koğŸ™„
781,@TheEagle_BEN @ketololan_tolol Bodoh
782,@TheEagle_BEN @ketololan_tolol Itu ko ben ?
783,@z4r4n @Boruhutapea_18 @Dennysiregar7 @psi_id @Giring_Ganesha @aniesbaswedan Coba tag gua
784,@Boruhutapea_18 @psi_id @Giring_Ganesha @Dennysiregar7 ğŸ™„ğŸ™„
785,@Boruhutapea_18 @psi_id @Giring_Ganesha @Dennysiregar7 Kuat malu gua yg dijateng mereka yg sok tau
786,@Boruhutapea_18 @psi_id @Giring_Ganesha @Dennysiregar7 Manusia manusia bodoh
787,Plis inpest tu mai kantri https://t.co/a2yknSQn4L
788,@Putrakawom @indra6869 @jvdas_iskariot Kan bisa bermanfaat bisa untuk muter uangnya bisa bertambah
789,@Putrakawom @indra6869 @jvdas_iskariot Siapa tau @jvdas_iskariot mau GA atau kasih bantuan seprai untuk yg membutuhkan biar bisa dijual lagi biar tetap bermanfaat
790,@Putrakawom @indra6869 @jvdas_iskariot Betul alhamdulillah bisa sedikit membantu
791,@Putrakawom @indra6869 @jvdas_iskariot Terimakasih bang ğŸ™ğŸ™
792,"UDAH JELEK , KELAKUAN NYA JELEK PULA https://t.co/nsmRQ8RiIJ"
793,@PuspaViyem @sikodoksakit Biar gak mehong diongkirğŸ˜‚ğŸ¤£
794,@sikodoksakit @PuspaViyem Monggo kak 085157590990 nanti ali kirim motifnya
795,@gadabedanya Itu sape jang
796,@TheEagle_BEN @Syaiful14742 @democrazymedia Bodoh
797,@Nicho_Silalahi @Helmi_Felis https://t.co/PCbe1meRK3
798,@kiwalipitu @__Sridiana_3va @z4r4n @Boruhutapea_18 @nyonyahsyuper @suneo138 @EdiMahaMG @BERKARYA_NET @RadarKorupsi ğŸ˜‚ğŸ¤£ tak tanyain dulu ki
799,@TheEagle_BEN @democrazymedia @Syaiful14742 Air raksa bodoh
800,@TheEagle_BEN @democrazymedia @Syaiful14742 Kutembak pala ko nanti
801,@TheEagle_BEN @democrazymedia @Syaiful14742 Kutempeleng ko nanti
802,@TheEagle_BEN @democrazymedia @Syaiful14742 Pala ko siluman
803,@ReenTis_ @ArgentianaA @PuspaViyem @A1ki4_ku5_21 @dara_darmayu  @Gojekmilitan @fahiraidris @C4kDeep_ @brandalsantri45 @nyonyahsyuper
804,"Jalan jalan keberingharjo ketemu kawan lama dia minta bantu jualin DASTER BATIK nya

Harga nya 65 ribu untuk Yang All Size 70 ribu untuk yang Jumbo 

Siapa tau ada yang minat

@__Sridiana_3va @z4r4n @Boruhutapea_18 @nyonyahsyuper @suneo138 @EdiMahaMG @BERKARYA_NET @RadarKorupsi https://t.co/MxHJkblwtM"
805,@Mr_cosanostra Padahal mau nawarin sepraiğŸ¤£
806,@Mr_cosanostra Yah telatğŸ¤¦â€â™€ï¸
807,"DUIIT 70 JUTA NYA MASIH MAN ?

Jakarta - Majelis hakim menyatakan mantan Menteri Agama (Menag) Lukman Hakim Saifuddin menerima uang Rp 70 juta terkait pengisian jabatan Kepala Kantor Wilayah Kementerian Agama Jawa Timur (Kanwil Kemenag Jatim) https://t.co/INpkj7ycOb https://t.co/jPInx7rFeD"
808,@TheEagle_BEN @democrazymedia Tu siapa ben
809,@PuspaViyem Alhamdulillah Terimakasih ya kak semoga rezeki nya dilancarkan Allah Swt
810,@MAHENDRA_GNW Dosen TL ?
811,@MAHENDRA_GNW Saha ?
812,@BERKARYA_NET Recovery ğŸ¤¦â€â™€ï¸
813,Kasihan melihat anda pak sudah 2022 tapi fungsi Otak saja sampai saat ini belum tau untuk apa.... https://t.co/INpkj7Qm2j
814,@Gank_Of_Petojo @SiPeNutur Loh kan nanya itu kenapa kok jongkoknya kek susah bangetğŸ™„
815,@Gank_Of_Petojo @SiPeNutur Nanya doang kohğŸ¤¦â€â™€ï¸
816,@soekaca55 @_BangFu Jo ngono ğŸ˜‚
817,@Gank_Of_Petojo Sukses teresa
818,@Gank_Of_Petojo @SiPeNutur Jongkok nya keknya susah banget ya koh efek apa kira2
819,@soekaca55 @_BangFu Wes resik meneh papan tulise koe kesuwen ra nyimak
820,@soekaca55 @_BangFu Dosene wes ngilang me eh
821,@soekaca55 @_BangFu Dijawab ditakoi ko
822,"Dijaman suharto atau orde baru CHINA tidak sengelunjak saat ini son

Dan orang orang Pemecah Belah Persatuan bangsa dan negara seperti DENNY SIREGAR ABU JANDA CS tidak dikasih tempat saat orde baru son

Dari segi ekonomi ? Jgnkan era soeharto dgn Era SBY aja jokowi belum selevel https://t.co/9dp0NGz9Nl https://t.co/OdnoGOhtB7"
823,@_BangFu @soekaca55 ditakoi kui
824,@Gank_Of_Petojo @SiPeNutur KemejağŸ™„ğŸ™„
825,@Gank_Of_Petojo @SiPeNutur Besok aja bawa sekalian ntar gua pake sekalian pas dijakartağŸ˜‚
826,"@Gank_Of_Petojo @SiPeNutur Nah kan bener terlalu sering kenak tumpahan

Handsanitizer

Kangen dia yakğŸ¤£ğŸ˜‚"
827,@restyca_yah Kami gak kuat biar jajang aja
828,@Gank_Of_Petojo ğŸ¤” kering biasanya terlalu sering kenak cairan
829,@Jul3aRhma3 @Catatan_ali7 @ReenTis_ @papa_loren @N0vemberCeria @Gank_Of_Petojo @suneo138 @SatriaMaul2022 @akunkelima212 @PanciB0zz @Yunardi99 @z4r4n @__KangMasMo3__ @__Sridiana_3va @KangHazzie @SiPeNutur @dara_darmayu ğŸ˜‚ğŸ¤£
830,@Yetti89053866 80 ribu kak
831,@Yetti89053866 085157590990
832,"Sebuah tindakan RASISME dilakukan  FANS PAGE DUNIA REAL MADRID Difacebook

@MafiaWasit @InfosuporterID @idextratime @Fandom_ID https://t.co/jsLbwf7dRw"
833,@_E_J_A_ @Catatan_ali7 ğŸ˜‚ğŸ¤£
834,Gara gara ini ternyata ğŸ˜‚ https://t.co/oY23W0450t
835,@TheEagle_BEN @RestyCaayah @YaqutCQoumas Aku kasih tau setan
836,@TheEagle_BEN @RestyCaayah @YaqutCQoumas Kalau belom akupun sama
837,@TheEagle_BEN @RestyCaayah @YaqutCQoumas Makan belom ko ben
838,@TheEagle_BEN @RestyCaayah @YaqutCQoumas Pala ko lah
839,@TheEagle_BEN @RestyCaayah @YaqutCQoumas Jenis apa ben
840,@TheEagle_BEN @RestyCaayah @YaqutCQoumas Sama kek apa ben
841,@BarBaro5_ Hahahahah
842,"@dyahNeZza @mihrabku Wah siapa tau ibu ibu UMKM KLATEN kebagian ğŸ¤£ğŸ˜‚

https://t.co/sRy9eUKxD1"
843,@TheEagle_BEN Itu apa ben
844,@SiPeNutur Suruh diem aja kalau bisa gerak gerak dikit
845,@SiPeNutur @Gank_Of_Petojo https://t.co/gf0X5Nofhl
846,"@TheEagle_BEN @RestyCaayah @YaqutCQoumas Pala ko , jangan ko samakam aku dengan dia"
847,@SiPeNutur Ya kan koh @Gank_Of_Petojo semua itu ada kapasitas beban nya kalau over kapasitas ya rusakğŸ˜‚ğŸ¤£
848,@TheEagle_BEN @geloraco Monyet dong
849,@TheEagle_BEN @RestyCaayah @YaqutCQoumas Itu kenapa ben
850,@TheEagle_BEN @geloraco Siapa itu ben
851,Kayak pada kehabisan narasi isinya saling adu masa semua gak ada lain lagi selain itu ğŸ˜‚ https://t.co/RzaOyoQ1cV
852,@SiPeNutur Keberatan itu ğŸ¤¦â€â™€ï¸
853,Pulsa Ceban barusan Cair kayak nya ... bisa seragam gini cuitan nya untuk PUAN.... https://t.co/5k51RDtxW5
854,@RestyCaayah CABUL JUGA TernyatağŸ˜‚ğŸ¤¦â€â™€ï¸
855,@Atisicantik @NovalAssegaf @__Sridiana_3va https://t.co/GrCvWlmFNm
856,"@Cerita_wanita77 @zarazettirazr @UyokBack @RestyCaayah Tapi reklamasi itu sampai sekarang masih berjalan loh

Jangan bawa bawa profesi om  @EdiMahaMG kritik saja narasi nya bantah saja narasi nya

Kalimat anda sudah fitnah dengan mengatakan memanfaatkan oposisi untuk jualan emas

JANGAN HANYA BISA MEMUJI TAPI TAKUT UNTUK MENGKRITISI"
857,"Gila lu GURU dihargai segitu part time lagi 

Pantes sulit dapat jodoh lo lah kelakuan lu kek VOC kejam bangetğŸ¤¦â€â™€ï¸ https://t.co/PMhKQaySMG"
858,@paa_piiyoo @Anna82662230 Opo iyo
859,"@__Sridiana_3va @NovalAssegaf Oh salah ya ğŸ¤£ğŸ˜‚
Yang bener gimana dok"
860,Terimakasih dok @__Sridiana_3va ğŸ™ https://t.co/CKDgfNxmYz
861,@NovalAssegaf @__Sridiana_3va Mana kacamat nya bibğŸ˜‚ğŸ¤£
862,"@NovalAssegaf Sebenernya masakan mu enak sayang tapi lebih enak kalau kamu gak usah masak kita jajan aja

Gitu ya ustadzah @__Sridiana_3va"
863,@Anna82662230 Wkwkwkwk
864,@__Sridiana_3va @NovalAssegaf HahahahağŸ¤¦â€â™€ï¸ https://t.co/ABwZsXsylT
865,@RestyCaayah @FFinsadendy https://t.co/ypiS5qRiqM
866,@NovalAssegaf Itu paling depan dok @__Sridiana_3va ?
867,@ReenTis_ @Catatan_ali7 Terimakasih kak akun itu lagi kenak sempritğŸ˜‚ğŸ¤¦â€â™€ï¸
868,@Gank_Of_Petojo @SiPeNutur Ssst jangan dikasih tau nanti rese koh
869,"@EdiMahaMG Anies susi alternatif yang bagus tapi siapa yang akan mengusung ? Satu satu nya jalan dengan pengumpulan ktp alias lewat jalut independen ? Karna golkar sudah Airlangga Ahy 
Gerindra prabowo puan ğŸ˜‚ğŸ¤£"
870,@SiPeNutur @Gank_Of_Petojo Tapi membuang makanan yg sudah dibeli itu mubadzir
871,@soekaca55 @nyonyahsyuper OrağŸ¤¦â€â™€ï¸
872,@Gank_Of_Petojo @SiPeNutur Udah ğŸ¤£ğŸ˜‚ baru kelar kirim2 paket
873,@MamahNoey ğŸ˜‚ğŸ¤£
874,@AdelEmbul_Back ğŸ¤£ğŸ˜‚
875,@SiPeNutur @Gank_Of_Petojo Dosa
876,@soekaca55 @nyonyahsyuper Ngopo guya guyu
877,@abiriki83 Dulu sering tp dilock karna karna diras sebarisanğŸ¤£ğŸ˜‚
878,@Sadewa_39 ğŸ˜‚ğŸ¤£
879,"JATENG AJA AMBURADUL KO ANGKAT ANGKAT PULA JADI CAPRES

ANGKA KEMISKINAN DIJATENG TERUS BERTAMBAH BAHKAN MASUK KATEGORI EKSTREM 

Gubernur kayak gini mau ko usulkan jadi CAPRES ? Gua yang Warga Jateng aja ORA SUDI!!!

GOBLOK LU CHUSNUL https://t.co/hZ0s45iOLv https://t.co/q6XPBPflia"
880,@RestyCaayah HOAX gak jang ini nanti dilaporin pulağŸ¤£ğŸ˜‚
881,@ruhutsitompul TOLOL https://t.co/eqj85fPYAF
882,@Shafamamahbawel Wkwkwkwk
883,@C4kDeep_ @dyahNeZza ğŸ˜‚ğŸ¤£
884,"@EdiMahaMG Anjing2in homoğŸ˜‚ğŸ¤¦â€â™€ï¸
Ga bahas anies dah 2 hari"
885,@dyahNeZza https://t.co/Msuz4YepYd
886,@BarBaro5_ ğŸ˜‚ğŸ¤£ https://t.co/eVuGibFxLg
887,@BarBaro5_ @elonmusk https://t.co/35ECicvFdg
888,@dyahNeZza https://t.co/EsXrm9CqrA
889,@dyahNeZza ğŸ¤¦â€â™€ï¸ https://t.co/rDuyNBr5jo
890,@Ndons_Back ğŸ˜‚ğŸ‘
891,Masih hidup ? https://t.co/gjf5Ivmr5I
892,@dyahNeZza Ampun gak lagi lagiğŸ˜«
893,Jangan Takut kehilangan sesuatu karna (Takdir) Allah Swt tapi takutlah Kehilangan Allah Karna Sesuatu ğŸ‘
894,@PrieLeo_ @Snopiiee_y Lah itu mau gundul
895,@PrieLeo_ @Snopiiee_y @ArwahMiliter Dukung pokoknya ğŸ‘
896,@Snopiiee_y @elonmusk 7 jam doangğŸ˜‚ğŸ¤£
897,@Snopiiee_y @PrieLeo_ Masha Allah ukhti
898,@PanciB0zz ğŸ¤¦â€â™€ï¸ğŸ¤£ğŸ˜‚
899,"@Snopiiee_y @elonmusk ğŸ˜‚ğŸ¤£

Taik emang"
900,@PrieLeo_ @Snopiiee_y Stres ?
901,@kariage_soul CangkemuhğŸ™„
902,@Gank_Of_Petojo @kangaudio Ya takut salah
903,AnjengğŸ˜‚ lu dibatasi gua dikunci bangsat emang si @elonmusk ğŸ¤¦â€â™€ï¸ğŸ˜‚ https://t.co/1JGxYv4j3A
904,@Snopiiee_y @PrieLeo_ @ArwahMiliter @rick_iiiii WakilnyağŸ¤¦â€â™€ï¸
905,@Snopiiee_y @PrieLeo_ Apane ?
906,@PrieLeo_ @Snopiiee_y Dukung #Prie3Periode jadi ketum onest cc @ArwahMiliter
907,@whitedaisy_35 ğŸ¤¢ğŸ¤®ğŸ˜‚
908,@Gank_Of_Petojo @kangaudio Karna dah pernah liatğŸ¤£ğŸ˜‚
909,@Snopiiee_y @PrieLeo_ RAS ajalahğŸ¤¦â€â™€ï¸
910,@Snopiiee_y @PrieLeo_ Onest haluğŸ˜«
911,@whitedaisy_35 ğŸ¤¦â€â™€ï¸
912,@PrieLeo_ @Snopiiee_y #KamiBersamaPrieğŸ‘
913,@Gank_Of_Petojo @kangaudio Tebak tebak aja kohğŸ¤¦â€â™€ï¸
914,@PanciB0zz @BarBaro5_ https://t.co/uVBgvKanIZ
915,@PrieLeo_ @Snopiiee_y HALUUU
916,@BarBaro5_ @PanciB0zz Gara gara ngatain gay anjengğŸ˜‚
917,@BarBaro5_ Kagak bisa dibuka ini pake cadangan ğŸ˜‚ taik emang
918,@kariage_soul NdasmuhğŸ˜‚
919,@Gank_Of_Petojo @kangaudio Ali masih polos koh makanya nanha
920,@yudhi_sh ğŸ¤¦â€â™€ï¸ğŸ¤¦â€â™€ï¸
921,@PanciB0zz @BarBaro5_ Ini di ras ya kalau kek gini ğŸ˜‚ https://t.co/GII9wLomn2
922,@BarBaro5_ Akun gua kenak ras cebongğŸ˜‚ğŸ˜‚ğŸ¤¦â€â™€ï¸
923,@Just_dhee1203 Wkwkwkwkwk
924,@Gank_Of_Petojo @kangaudio Beda ujungnya ya koh ?
925,@Gank_Of_Petojo @kangaudio Gunung kembar
926,@kangaudio @Gank_Of_Petojo ğŸ¤£ğŸ˜‚ğŸ¤¦â€â™€ï¸
927,@Just_dhee1203 Padahal kan kita butuh duitğŸ¤£
928,@Gank_Of_Petojo @kangaudio Babu terusğŸ˜‚ğŸ¤£
929,@Just_dhee1203 ğŸ˜‚ğŸ¤¦â€â™€ï¸
930,@Gank_Of_Petojo @SiPeNutur Ntar bagian pemesanan ali ingat makanan yg sudah dipesan tidak boleh tidak dimakan
931,@Gank_Of_Petojo @SiPeNutur Ngajak makan jam 9 malam
932,@BianconerriI ğŸ˜‚
933,@Just_dhee1203 Nah karna Twitter tempat terbaik untuk branding diri
934,@NegeriWayahna Done
935,@RadarKorupsi https://t.co/5eRyesnFUy
936,@Just_dhee1203 YuhuuuuuğŸ˜‚
937,@nissa_tari @zarazettirazr @rmol_id https://t.co/7Jssr3ky1i
938,@RadarKorupsi Oh pos nya masih belum jadi ya omğŸ˜‚
939,@Gank_Of_Petojo @SiPeNutur Kan ajakan ngopi ğŸ˜‚ğŸ¤¦â€â™€ï¸
940,@Just_dhee1203 Enjoy for your life ğŸ’ƒğŸ’ƒ
941,@RadarKorupsi Martua yg mana om ğŸ¤¦â€â™€ï¸ğŸ˜‚
942,@Gank_Of_Petojo Kalau gak sempet ya besok ketemu dijakarta ama om tas pinggang @SiPeNutur
943,@____w0nd3rBaper ğŸ¤£ğŸ˜‚ğŸ¤¦â€â™€ï¸
944,@Gank_Of_Petojo Ada tempat bagus koh disituğŸ¤£ğŸ˜‚
945,"@zarazettirazr @rmol_id Yang dijamu makan terus kicep itu ya ğŸ˜‚

Sekarang apa urusan biden dan pejabat lain nya ? Kalau agenda jokowi hanya dengan elon musk"
946,@RadarKorupsi Jalan jalan terusğŸ˜‚
947,"@Gank_Of_Petojo Gua kaget bacanya disalatiga ğŸ˜‚ğŸ¤¦â€â™€ï¸

Beneran klaten salatiga 1 jam ğŸ˜‚ tapi masalah nya ada gaweanğŸ¤¦â€â™€ï¸"
948,@zarazettirazr @rmol_id Sebenernya gak disambut wajar kan emang tujuan jokowi untuk bertemu elon musk bukan agenda kenegaraan langsung indo amerika melainkan hanya indo elon muskğŸ˜‚
949,@koh_alien Mungkin diras cebongğŸ˜‚
950,@Srikandi_sunda Remuk sum
951,@Gank_Of_Petojo Dari rumah 1 jaman ğŸ˜‚ nanti kalau gawean dah kelar kalau sempat gua kesana koh
952,Kalau Kesana hanya untuk menemui ELON MUSK tidak ada agenda lain ya wajar jika tidak disambut BIDEN https://t.co/k85U0p2y1c
953,@Gank_Of_Petojo Sama siapa aja koh ? Salatiga nya mana ?
954,@Gank_Of_Petojo Seriusan ? Kalau iya siang ini gua susul
955,@Gank_Of_Petojo Disalatiga koh ?
956,@DjumadiDeddy Diras cebong keknya ğŸ˜‚ğŸ¤£
957,BAKAR HIDUP HIDUP!!! https://t.co/I8Xrninfv2
958,@N0vemberCeria ğŸ˜‚ğŸ¤£
959,ğŸ¤¦â€â™€ï¸ğŸ¤¦â€â™€ï¸ https://t.co/aouGzsjHhE
960,"ADMIN GUOBLOK gua fans MU malu min sama lu 

Kapasitas Stadion City itu berapa kapasitas Stadion MU itu berapa ?

City segitu udah 90% MU baru 80%an  gak gitu juga lah min dukung MU boleh GOBLOK JANGAN https://t.co/TvjvaLdrPN"
961,PECINTA LOBANG TAIK JUGA YA ???? https://t.co/MzpeDWAtv7
962,@Barbaro5__ Malas
963,@anditenrimahrun ğŸ™ğŸ™
964,"@WongAlasRoban @Catatan_ali7 @astrienova_ Betul kalau banyak kawan kan kita kesuatu tempat ditunggu diajak ngopi diajak makan disuruh mampir dan sebagainya

Kalau banyak musuh kan ditunggu juga tapi ditunggu mau dilaporin ditunggu pertanggung jawaban ucapan nya dan sebagainya gak enak lah kalau banyak musuh pokoknya"
965,"@WongAlasRoban @Catatan_ali7 @astrienova_ Sekarang mah banyak kumpulin kawan aja om jadi mau kemana pun nyaman aman gak ada rasa takut karna banyak kawan

Kalau banyak musuh mau kemana dihantui ketakutan dihantui was was gimana kalau ketemu si a si b nanti gua diapa2in dll"
966,@Chan_Lee_Hae @RadarKorupsi @jokowi @kangdede78 ğŸ˜‚ğŸ¤£
967,"@RadarKorupsi @jokowi @kangdede78 MASIH SUKA NGEWE sama banci de ?

Komisaris dapat hadiah ciki aja lagu nya udah kek apaan tau

Ingat lo komisaris itu karna hasil ngebuzzer bukan karna otak lo pintar orang pintar mana mau NGEWE SAMA BANCI DE

@jokowi sampah kayak dede bisa bisa nya diangkat komisaris"
968,"Bismillahirrahmanirrahim

Pelan pelan Sedikit Demi sedikit
Gakpapa merangkak Asal UMKM Emak Emak Penjahit Klaten Bisa Bangkit Lagi

Yok Order SEPRAI &amp; BEDCOVER Asli buatan Tangan Emak Emak Klaten 

Untuk Motif Lain DM Ali ya

Thanks buat yang sudah order dan berkenan membantu RT https://t.co/Anv1DX3J9Q"
969,@SayyiidHaddaad Goyang bib
970,@mysweetalisa @Sarusy2 ğŸ™„
971,@yashudha_naka ğŸ™ğŸ™
972,@Sarusy2 Kwwkkwkw
973,"@Srikandi_sunda @Amiliophile1 @rahasia__ihhh Jangan komporğŸ˜‚ğŸ¤£

Kalau akun ini emang jarang aktif komenğŸ¤£ğŸ˜‚"
974,@Srikandi_sunda @Amiliophile1 @rahasia__ihhh Perasaan gua komen sana sini yağŸ˜‚
975,@Srikandi_sunda @Amiliophile1 @rahasia__ihhh https://t.co/dcw6J0g2Ny
976,@Adang_pellor Masih ada
977,@BryanDeui123 Done blokğŸ˜‚ğŸ¤£
978,@GieAdam3 Wuih gak ajak ajak
979,@Nayya001 ğŸ¤ªğŸ˜‚
980,@Nayya001 ğŸ™„ğŸ™„
981,@rahasia__ihhh @Amiliophile1 https://t.co/FNUZZKqtsr
982,@SiyoesAja @Gojekmilitan ğŸ˜‚ğŸ¤£
983,@Lord_Queitaire Matursuwun brother
984,@rahasia__ihhh @Amiliophile1 Masak sih ğŸ˜‚
985,@Amiliophile1 @rahasia__ihhh Apa iya ğŸ˜‚ğŸ¤£
986,@Endriyw https://t.co/YmI4vUMTiG
987,@AraituLaki OrağŸ¤£
988,@MAHENDRA_GNW ğŸ˜‚ğŸ˜‚
989,@MAHENDRA_GNW ğŸ¤®
990,@Lisaamartatara4 Jokowi
991,@Shafamamahbawel @Catatan_ali7 Cadangan
992,@TheEagle_BEN @Syaiful14742 Berisik kali ko paokğŸ™„
993,Bismillah akun baru netes adakah yang mo follow Aku ğŸ˜¥ğŸ˜¥
994,"Pengamat amatiran seperti @CoachJustinL jika masih dikasih panggung ya begini masih akan terus pamer kebodohan nya....

https://t.co/kxYzj18mJS"
995,Ada aja dah yang coba adu domba gue ma seseorang https://t.co/Qoek7q8Ajk
996,ODGJğŸ˜‚ğŸ¤£ https://t.co/r8XxJ7v4io
997,CAPER ğŸ˜‚
998,@reyhansamuda #BrendaBagiTHROnlen AHHAK! ğŸ’ƒğŸ’ƒğŸ’ƒ
999,@naina_TShah Geura sareğŸ˜¡ğŸ˜¡ğŸ”¨
1000,@naina_TShah Heleh ğŸ™„ğŸ™„ udah 1 minggu lebih
